id,firstName,lastName,email,address,birthDate,zipCode
1,Ellynn,Haack,ehaack0@hud.gov,914 Oxford Point,1998-12-03,89595
2,Ruttger,Simonsson,rsimonsson1@google.pl,2298 Sundown Street,1969-02-19,78245
3,Renell,Bilson,rbilson2@tiny.cc,254 Fairfield Way,1980-08-29,45432
4,Rebeka,Hawksworth,rhawksworth3@bloomberg.com,67404 Corben Way,1976-05-03,21275
5,Lily,Stede,lstede4@cdbaby.com,899 Jenna Junction,1987-04-04,23203
6,Clementius,Aggio,,7020 Rutledge Circle,1979-04-23,45233
7,Alain,Meaking,ameaking6@linkedin.com,24315 Columbus Park,1951-12-14,8650
8,Alberto,Fagge,afagge7@usnews.com,1 Esker Pass,,38168
9,Marguerite,Whitwam,,2975 Oneill Center,1974-07-11,29225
10,Nikolai,Yurtsev,nyurtsev9@fotki.com,2544 Fisk Pass,,93291
11,Marrilee,Turn,,31 Warrior Plaza,1947-09-29,1905
12,Jaquenetta,Dorkins,jdorkinsb@latimes.com,34883 Gateway Alley,,45807
13,Lynna,Ellerey,lellereyc@free.fr,785 Declaration Place,,33129
14,Vivie,Newcombe,vnewcombed@weather.com,12 Armistice Trail,,94280
15,Rina,Schlag,rschlage@hexun.com,0988 Anzinger Pass,1990-11-01,32520
16,Dulsea,Gianasi,dgianasif@tiny.cc,3 Fairview Terrace,1962-03-26,92825
17,Dex,MacAllister,dmacallisterg@twitpic.com,451 Starling Street,1996-05-04,80305
18,Dermot,Vonderdell,dvonderdellh@java.com,76480 Northfield Place,1978-05-12,24515
19,Leon,Katzmann,lkatzmanni@nymag.com,2 Loeprich Court,1987-11-16,85743
20,Webb,Debill,wdebillj@cargocollective.com,836 Judy Center,,85284
21,Merrie,Jovicevic,mjovicevick@oaic.gov.au,33 Dorton Way,,72199
22,Dalton,Lockart,dlockartl@trellian.com,85383 Schmedeman Park,,80930
23,Lexis,Cordaroy,lcordaroym@fc2.com,1779 Graceland Terrace,1969-10-14,97075
24,Zed,Eslemont,zeslemontn@hao123.com,46 Beilfuss Court,,20397
25,Pascale,Mannin,pmannino@live.com,1779 Esker Terrace,1996-03-10,56944
26,Wilton,Labrenz,wlabrenzp@discuz.net,45611 Lawn Road,,88589
27,Elias,Vescovo,evescovoq@craigslist.org,781 Elka Drive,1995-09-23,90094
28,Guinna,Creser,gcreserr@theguardian.com,68161 Sommers Way,,85005
29,Hyacinthe,Arguile,harguiles@cbc.ca,474 North Crossing,1969-07-02,62756
30,Ryann,Openshaw,ropenshawt@miitbeian.gov.cn,2873 Thompson Lane,,91103
31,Nev,Lamberti,nlambertiu@cdbaby.com,8 Bluestem Center,,33421
32,Hattie,Anfonsi,hanfonsiv@pcworld.com,339 Knutson Terrace,1984-09-05,80291
33,Kassie,MacTurlough,kmacturloughw@webnode.com,26 Stang Circle,1971-03-21,75392
34,Prinz,McNiven,pmcnivenx@geocities.com,73048 Chinook Park,,12262
35,Gregoire,Sainteau,gsainteauy@usatoday.com,64 Dorton Place,,80005
36,Sheba,Aronowicz,saronowiczz@java.com,8 Grover Place,1947-02-10,14683
37,Jose,Decent,jdecent10@auda.org.au,6 Oak Road,1972-01-02,47812
38,Cad,Drain,cdrain11@uiuc.edu,305 Ryan Trail,1949-04-18,7310
39,Marten,Cubbinelli,mcubbinelli12@unc.edu,18 Roth Way,,63104
40,Pren,Brighty,,4862 Grim Hill,1972-11-15,97271
41,Ingaberg,Volk,ivolk14@miibeian.gov.cn,974 Prairie Rose Junction,,60691
42,Priscilla,Braizier,pbraizier15@domainmarket.com,6137 Roth Way,1997-01-28,22234
43,Loren,Sholl,,7 Talmadge Avenue,,74193
44,Brig,Pengilly,bpengilly17@diigo.com,276 John Wall Circle,1986-01-06,31296
45,Brooks,Few,,940 Commercial Junction,1943-03-23,2109
46,Gram,Gehricke,ggehricke19@ifeng.com,9915 Burning Wood Way,1985-07-02,77293
47,Rudy,Mennithorp,rmennithorp1a@meetup.com,70546 Dixon Trail,,34665
48,Tyrus,Simmon,tsimmon1b@github.com,69 Mccormick Circle,1982-08-14,92844
49,Wendell,Rabjohns,wrabjohns1c@skype.com,00 Crownhardt Avenue,1962-08-02,39534
50,Corissa,Simonard,csimonard1d@yolasite.com,15919 Killdeer Center,1942-11-10,80910
51,Jim,Sondland,jsondland1e@pbs.org,66 Dapin Trail,1954-06-21,34643
52,Ximenez,Disman,xdisman1f@craigslist.org,28103 Montana Point,1979-06-10,58106
53,Lewiss,Fincke,lfincke1g@quantcast.com,02 Becker Avenue,1972-12-14,78225
54,Ange,Bineham,abineham1h@techcrunch.com,0 Hintze Avenue,1969-02-04,74108
55,Therese,Robberts,trobberts1i@technorati.com,22 Glendale Point,,47737
56,Cheryl,Vasyunichev,cvasyunichev1j@ca.gov,4 Marcy Way,,97255
57,Ive,MacPaik,imacpaik1k@yellowpages.com,97 Briar Crest Alley,,77218
58,Ewan,Daggett,edaggett1l@youtube.com,17 Jana Alley,,30605
59,Baudoin,Lansley,blansley1m@yandex.ru,65758 Summer Ridge Park,1957-07-02,74156
60,Leoline,Please,lplease1n@wikimedia.org,88 Bunting Drive,,98447
61,Jaime,Baribal,jbaribal1o@archive.org,85 Jackson Way,1996-08-27,77255
62,Clarine,Wix,,5 Lerdahl Way,,59771
63,Delano,Flips,dflips1q@ehow.com,5375 Butternut Junction,1967-08-15,47747
64,Dev,Windley,dwindley1r@ucla.edu,8193 Sutteridge Parkway,1958-11-30,27605
65,Melicent,Trenoweth,mtrenoweth1s@go.com,8229 Eagle Crest Street,1999-08-07,33233
66,Myron,Stears,mstears1t@bizjournals.com,10 Express Crossing,1970-10-14,27690
67,Cherida,Baroux,,459 Mcbride Hill,1959-05-11,85030
68,Ryun,Kelner,rkelner1v@networksolutions.com,822 Vernon Way,1963-04-03,85035
69,Curry,Metzig,cmetzig1w@toplist.cz,720 Crescent Oaks Circle,,33432
70,Jemmy,Cornely,jcornely1x@drupal.org,540 Rigney Parkway,1969-10-27,20580
71,Ambros,Yeudall,ayeudall1y@topsy.com,77550 Sunnyside Pass,1985-07-15,10606
72,Cristine,Gingel,,65942 Nelson Park,,78703
73,Marcelline,Sams,msams20@surveymonkey.com,704 Bluestem Place,1944-01-22,93399
74,Silvester,Northbridge,snorthbridge21@google.es,89994 Pine View Street,1949-06-23,36641
75,Kerr,Binder,kbinder22@mapy.cz,6 Reindahl Hill,1984-02-17,32255
76,Lindsy,Bielby,lbielby23@pagesperso-orange.fr,589 Meadow Vale Circle,1973-02-04,72222
77,Tucker,Merlin,tmerlin24@addtoany.com,1 Nevada Plaza,1948-04-15,19495
78,Faydra,MacGilfoyle,fmacgilfoyle25@usnews.com,2273 Tennyson Trail,1992-06-28,98195
79,Raquela,Claringbold,rclaringbold26@upenn.edu,46 Memorial Plaza,1981-05-05,34474
80,Sibyl,Gothard,sgothard27@fda.gov,00 Rieder Crossing,1963-07-21,32526
81,Holden,Filippi,hfilippi28@macromedia.com,001 3rd Center,,32230
82,Gilbertine,Phythian,gphythian29@simplemachines.org,040 Almo Crossing,,15261
83,Dee dee,Roz,droz2a@skype.com,3 Ohio Drive,1999-11-24,43231
84,Mandi,Francescone,mfrancescone2b@liveinternet.ru,01 Evergreen Hill,1941-03-21,64504
85,Jozef,Manuelli,jmanuelli2c@newsvine.com,61 Kim Drive,1953-01-16,62718
86,Kizzie,Klisch,kklisch2d@cloudflare.com,189 Center Junction,,79118
87,Welch,Evenden,wevenden2e@lycos.com,796 Burning Wood Drive,,93386
88,Josy,Priestland,jpriestland2f@clickbank.net,690 Prairieview Drive,1994-12-21,28805
89,Biron,Hamer,bhamer2g@liveinternet.ru,1757 Johnson Place,1960-05-24,91913
90,Thalia,Itzcovichch,titzcovichch2h@blogger.com,60736 Dakota Terrace,,64142
91,Merrill,Adicot,madicot2i@china.com.cn,050 Carpenter Alley,1955-04-17,20010
92,Misha,Smalman,msmalman2j@google.co.jp,9143 Nancy Point,1952-06-04,88589
93,Charline,Asbery,,653 Muir Parkway,,83705
94,Lindsey,Baskwell,lbaskwell2l@msu.edu,552 Cardinal Lane,1946-08-13,80243
95,Maximo,Cody,mcody2m@wikia.com,349 Blaine Lane,1967-06-24,22309
96,Val,Omand,vomand2n@si.edu,45353 Hallows Hill,1962-12-24,93786
97,Gena,Rayman,grayman2o@usnews.com,37 Arizona Center,1951-04-30,55417
98,Marti,Cuff,mcuff2p@issuu.com,13 Moulton Place,,55579
99,Jasmine,Skyrme,jskyrme2q@icio.us,8 Ramsey Avenue,1998-03-12,12262
100,Imojean,Dincey,idincey2r@rediff.com,3743 Sheridan Terrace,,20580
101,Kipp,Gudgion,kgudgion2s@bloomberg.com,7 Butternut Terrace,1970-05-28,30358
102,Dedie,Gabbot,dgabbot2t@naver.com,62013 Eggendart Street,1973-03-25,33320
103,Liane,Lys,llys2u@studiopress.com,9 Lukken Road,,75287
104,Fannie,Scown,fscown2v@loc.gov,4 Shoshone Crossing,,6825
105,Paloma,Fittall,pfittall2w@shareasale.com,3966 Havey Hill,1995-09-21,68144
106,Herb,Mungham,hmungham2x@elpais.com,625 Monica Crossing,,13224
107,Robinet,Westell,rwestell2y@amazon.com,86871 Granby Center,1980-08-15,24014
108,Ty,Diggins,,0283 Pleasure Park,1953-12-28,97075
109,Aksel,Peddie,apeddie30@springer.com,44468 1st Junction,,25711
110,Costa,Conant,cconant31@dropbox.com,59092 Acker Avenue,,58122
111,Dorelia,Hadland,dhadland32@wiley.com,2 Atwood Hill,1984-02-28,19115
112,Ewell,Collier,ecollier33@tripod.com,8 Fair Oaks Crossing,1961-10-24,20337
113,Duffy,Delagua,ddelagua34@ox.ac.uk,508 Bultman Plaza,1948-07-05,75799
114,Zsa zsa,Winckle,zwinckle35@noaa.gov,7 Old Gate Trail,,85067
115,Ellynn,Leindecker,eleindecker36@icio.us,8171 Mayfield Alley,,36670
116,Filippa,Lochrie,flochrie37@devhub.com,2359 Corben Crossing,1947-06-23,23436
117,Edouard,Copins,ecopins38@illinois.edu,930 Kedzie Street,1981-05-22,90505
118,Dehlia,Braz,dbraz39@fema.gov,48 Hayes Point,1991-02-16,38168
119,Mame,People,mpeople3a@miibeian.gov.cn,33 Oxford Plaza,,13205
120,Claudetta,Quelch,cquelch3b@ustream.tv,2 Crowley Park,,14609
121,Stephan,Crust,,208 West Street,1944-05-07,61825
122,Arch,Wintour,awintour3d@multiply.com,367 Sugar Hill,,93386
123,Marieann,Delue,,39187 Karstens Drive,1947-03-28,24020
124,Lorrie,Glavin,lglavin3f@columbia.edu,46768 Kennedy Court,1981-06-07,66210
125,Alfi,Bradie,abradie3g@pen.io,896 Haas Junction,,55448
126,Laura,Gorghetto,lgorghetto3h@virginia.edu,430 Corry Avenue,1955-12-15,16534
127,Micky,Loeber,mloeber3i@latimes.com,811 Milwaukee Crossing,1957-12-19,6140
128,Gay,Doig,gdoig3j@4shared.com,882 Green Ridge Lane,1995-03-18,78426
129,Patin,Beverage,pbeverage3k@sphinn.com,90202 Claremont Drive,1983-08-02,77005
130,Andrey,Rofe,arofe3l@pagesperso-orange.fr,7 Upham Center,1949-04-29,90035
131,Max,Martinolli,mmartinolli3m@scientificamerican.com,51399 Mandrake Place,1971-01-09,99512
132,Timothee,Rive,trive3n@phpbb.com,81 Towne Pass,,85020
133,Desmond,Leyband,,4 Sunfield Street,1980-04-23,24503
134,Nehemiah,Battleson,nbattleson3p@cyberchimps.com,69596 Forster Parkway,,20062
135,Lissi,Dulwich,,32 Sunfield Place,1997-06-18,94177
136,Lanie,Bristoe,lbristoe3r@japanpost.jp,12 Calypso Crossing,,44710
137,Kassie,Mowen,kmowen3s@fc2.com,9526 Grover Crossing,,36177
138,Averil,Baynard,abaynard3t@mashable.com,9 Magdeline Circle,1968-02-03,77065
139,Elisabeth,Goodrich,,9234 Hoffman Lane,1962-04-09,70179
140,Cindy,Ben-Aharon,cbenaharon3v@naver.com,472 Mendota Street,1995-11-26,34276
141,Elita,Forst,,367 Forest Park,1984-01-28,94616
142,Rivkah,Verdey,rverdey3x@shareasale.com,6 Sunnyside Pass,1998-05-03,98175
143,Shaylynn,Kubasiewicz,,579 Surrey Circle,1992-05-07,13251
144,Desiri,Pagin,dpagin3z@independent.co.uk,6148 Mosinee Circle,1995-06-13,2453
145,Tate,McNally,,5 Hallows Crossing,1951-05-23,2142
146,Inness,Blackburn,iblackburn41@timesonline.co.uk,415 Waubesa Street,1958-12-15,55114
147,Lodovico,Phipson,lphipson42@cnbc.com,084 Cherokee Parkway,1979-06-18,23459
148,Chrysler,Dreigher,,4 Barnett Park,1957-02-23,93786
149,Silvie,Billingsley,sbillingsley44@tinypic.com,140 Dwight Avenue,,35810
150,Monty,Laboune,mlaboune45@cnbc.com,92551 Dryden Street,1984-10-15,35810
151,Maggee,Billingham,mbillingham46@nature.com,52395 International Crossing,,23551
152,Conchita,Bennet,cbennet47@deliciousdays.com,69 Ridgeway Place,1975-01-03,24014
153,Fletch,Chancellor,fchancellor48@economist.com,23120 Onsgard Road,1969-06-11,65898
154,Netti,Tour,,24180 Prairieview Road,,2216
155,Ephraim,Tremble,etremble4a@meetup.com,4 Mayfield Crossing,1947-05-06,33196
156,Gunner,Grevile,ggrevile4b@huffingtonpost.com,57604 Kingsford Terrace,,77045
157,Lexi,Chung,lchung4c@google.com.hk,3712 Ridge Oak Circle,1977-05-29,62764
158,Brod,Tilbury,,31 7th Hill,1954-10-14,31405
159,Paxton,Gianuzzi,pgianuzzi4e@ted.com,53673 Springs Court,1994-02-19,48211
160,Deerdre,Wordsworth,,6 Elgar Junction,1993-02-20,29203
161,Anthia,Acory,aacory4g@psu.edu,49 Lien Court,1940-04-26,60208
162,Jenine,Redemile,jredemile4h@newyorker.com,603 Leroy Crossing,,27105
163,Fonz,Wycliffe,fwycliffe4i@icio.us,5 Kinsman Center,1961-07-21,22156
164,Joane,Hobgen,jhobgen4j@google.pl,2 Luster Trail,1977-11-21,98195
165,Anneliese,Paulsson,apaulsson4k@addthis.com,6221 Dwight Pass,1963-08-13,76905
166,Arlette,Brooksbie,abrooksbie4l@opensource.org,5 Ruskin Junction,,76210
167,Morgan,Del Checolo,mdelchecolo4m@reverbnation.com,402 Fieldstone Hill,1997-12-10,31210
168,Gonzalo,Neller,gneller4n@europa.eu,7 Delladonna Place,1976-01-28,52245
169,Koressa,Ginsie,kginsie4o@bloglovin.com,4 Stephen Parkway,,52410
170,Catherine,Senechell,csenechell4p@techcrunch.com,657 Algoma Point,1966-11-10,27626
171,Elton,Baseke,ebaseke4q@drupal.org,46713 Dayton Place,1979-07-06,2142
172,Leah,Braune,lbraune4r@hhs.gov,7076 Sutherland Way,1965-11-09,89105
173,Lanni,Babon,lbabon4s@nbcnews.com,6 Dovetail Road,,92612
174,Peadar,Philippson,pphilippson4t@sina.com.cn,40531 Debra Crossing,1982-10-18,46015
175,Alia,Ferns,aferns4u@army.mil,0806 Mifflin Circle,1976-11-14,91125
176,Quintilla,Clout,qclout4v@chron.com,95838 Twin Pines Pass,1946-03-03,29220
177,Bianca,Salaman,bsalaman4w@netlog.com,20 Stuart Place,,55115
178,Gail,Gronowe,ggronowe4x@slashdot.org,7635 Clyde Gallagher Drive,1956-08-17,27425
179,Wilmette,Lumpkin,wlumpkin4y@surveymonkey.com,3 Michigan Court,1947-02-16,50315
180,Margalo,Bodker,mbodker4z@yahoo.com,3 Arapahoe Trail,1946-08-23,83711
181,Keene,Sphinxe,ksphinxe50@amazon.com,6 Express Parkway,,39296
182,Neddy,Niemetz,nniemetz51@illinois.edu,3219 Messerschmidt Street,1959-12-20,31132
183,Erl,Allport,eallport52@creativecommons.org,9 Reindahl Road,,77493
184,Carey,Cracie,,64 Oxford Crossing,1974-07-05,55146
185,Danie,Heikkinen,dheikkinen54@noaa.gov,5595 Haas Place,1956-12-08,76198
186,Valaria,Tichner,vtichner55@clickbank.net,461 Manley Way,1994-05-21,22903
187,Becky,Jossel,bjossel56@ucoz.com,836 Schiller Center,1960-04-22,57105
188,Georgia,Bussetti,gbussetti57@upenn.edu,869 Nelson Parkway,1959-10-06,61709
189,Yehudit,Fewell,yfewell58@nature.com,571 Bluejay Court,,60641
190,Filmer,Chaplin,fchaplin59@163.com,046 Hazelcrest Lane,1986-02-04,14639
191,Merwyn,Toppes,mtoppes5a@elegantthemes.com,0 8th Center,1982-04-07,46406
192,Carter,Landrieu,,9 Becker Park,1943-12-22,32309
193,Sharleen,Phinn,sphinn5c@adobe.com,5162 Maywood Crossing,,73173
194,Else,Scohier,escohier5d@wikimedia.org,455 Blue Bill Park Park,,29625
195,Korney,Try,,2651 Anthes Lane,1942-03-04,77240
196,Berti,Vondra,bvondra5f@wikispaces.com,2 6th Circle,,46857
197,Bria,Wickett,bwickett5g@macromedia.com,94 Sugar Place,1980-03-02,48956
198,Lamont,Allkins,lallkins5h@mozilla.org,371 Warner Junction,,79165
199,Lacey,Fitzharris,lfitzharris5i@t-online.de,3275 Cherokee Pass,,28225
200,Maren,Lundie,mlundie5j@ning.com,61783 Kinsman Lane,,23509
201,Rosella,Bewicke,rbewicke5k@indiegogo.com,55021 Sloan Parkway,,70116
202,Cullin,Sedman,csedman5l@techcrunch.com,5146 Killdeer Way,1982-02-05,75251
203,Staffard,Scalera,,55729 Maple Wood Alley,1968-01-06,20883
204,Natal,Lidstone,nlidstone5n@odnoklassniki.ru,3 Golden Leaf Crossing,,73197
205,Isidoro,Wittleton,iwittleton5o@yellowbook.com,63 Dixon Park,1977-09-11,33972
206,Laurel,Henriksson,lhenriksson5p@wired.com,2371 Goodland Center,,20816
207,Lexie,Piddocke,lpiddocke5q@tuttocitta.it,3 East Park,1960-04-18,58505
208,Angie,Pawlick,apawlick5r@economist.com,9638 Stoughton Center,1962-05-17,80951
209,Duffy,Gales,dgales5s@tamu.edu,5202 Lakewood Gardens Terrace,1944-04-27,23663
210,Ronni,Pizzie,rpizzie5t@shutterfly.com,8 Drewry Road,1947-11-13,20904
211,Cherise,Dever,,25 Ronald Regan Park,1945-06-19,55172
212,Sascha,Lavis,slavis5v@paginegialle.it,5887 Cardinal Trail,1963-02-09,32885
213,Norby,Batham,nbatham5w@msu.edu,1114 Division Court,,64125
214,Herve,Wozencroft,hwozencroft5x@wikia.com,45606 Monument Terrace,1973-09-01,11205
215,Ber,Jerrans,,15686 Bartillon Place,1981-09-02,46699
216,Beverley,Ceely,bceely5z@salon.com,190 Schmedeman Pass,1982-11-11,93704
217,Donnie,Augustin,daugustin60@goo.gl,82 Rigney Circle,1969-05-25,98148
218,Karyn,Campey,kcampey61@disqus.com,1 Florence Lane,1968-05-04,95973
219,Dena,Pellissier,,84453 Summerview Alley,1976-04-30,61110
220,Caitlin,Berthod,cberthod63@shop-pro.jp,022 Glendale Street,1991-01-08,64136
221,Erastus,Bousquet,ebousquet64@guardian.co.uk,1491 Tennyson Park,1953-07-22,40618
222,Worden,Mozzini,wmozzini65@linkedin.com,31 Portage Way,,32526
223,Wilow,Clemetts,wclemetts66@jugem.jp,76875 Doe Crossing Court,,7104
224,Reeva,Ipsgrave,ripsgrave67@paypal.com,89 Hovde Avenue,,10184
225,Gray,Eliaz,geliaz68@cbslocal.com,9298 Sauthoff Trail,1976-03-10,59623
226,Che,Heppner,cheppner69@sitemeter.com,38826 Kedzie Alley,,75236
227,Broddie,Clayborn,bclayborn6a@youtu.be,9607 Reindahl Street,1945-05-11,53215
228,Wally,Schoales,wschoales6b@blogs.com,92 Service Terrace,1955-12-19,7505
229,Margarete,Diggar,mdiggar6c@hatena.ne.jp,06317 Oneill Road,1955-03-02,95894
230,Olympe,Maslen,omaslen6d@wp.com,0 Cherokee Plaza,,15279
231,Cordula,Camps,ccamps6e@yahoo.co.jp,87 Waxwing Junction,1968-07-14,30392
232,Maura,Halfpenny,mhalfpenny6f@hud.gov,50 Sommers Drive,1946-04-26,30045
233,Toby,Billing,tbilling6g@yandex.ru,36775 Hayes Place,1986-08-19,77343
234,Andriette,Gorcke,agorcke6h@biblegateway.com,6 Parkside Avenue,1959-11-07,34276
235,Hilton,Reichert,hreichert6i@clickbank.net,2 Granby Pass,1961-08-06,92878
236,Jephthah,Faux,jfaux6j@oaic.gov.au,1 Farwell Plaza,1958-05-12,96154
237,Nissie,Palek,npalek6k@time.com,94 Tennyson Terrace,,34629
238,Freddi,Guilloud,fguilloud6l@forbes.com,20 Eastwood Trail,1965-10-19,20067
239,Homerus,Harlow,hharlow6m@amazonaws.com,46 South Road,,75358
240,Marianne,Das,mdas6n@odnoklassniki.ru,0 Glacier Hill Lane,,95155
241,Luella,Meron,lmeron6o@buzzfeed.com,689 Nevada Point,1979-07-27,94089
242,Lucinda,Hallor,lhallor6p@mac.com,26 Dawn Center,1971-03-08,93407
243,Aurea,Feeham,afeeham6q@slate.com,0 Riverside Plaza,1954-11-01,47705
244,Christiana,Shawyers,cshawyers6r@tiny.cc,5181 Tomscot Center,1975-02-27,85010
245,Lilia,Edmunds,ledmunds6s@gizmodo.com,217 3rd Pass,1988-04-03,10014
246,Britte,Ledwidge,bledwidge6t@npr.org,9 Mesta Point,1970-11-01,57188
247,Ange,Loreit,aloreit6u@jugem.jp,13 Stephen Circle,,10459
248,Stephana,Kellet,,8917 International Lane,1981-12-26,47747
249,Leela,Harsnep,lharsnep6w@nba.com,79321 Larry Circle,1992-05-25,14639
250,Truda,Tappington,,90 Summit Alley,,76011
251,Roseline,Poulney,rpoulney6y@paypal.com,8751 Anniversary Plaza,,2298
252,Fiorenze,Dalling,fdalling6z@posterous.com,8 Meadow Vale Lane,1995-05-27,23324
253,Sylvester,Bulmer,sbulmer70@addtoany.com,6310 Knutson Trail,1977-03-04,79182
254,Walker,Dowsing,wdowsing71@nature.com,20473 Ronald Regan Pass,1971-04-28,34981
255,Bert,Broker,bbroker72@spotify.com,68 Saint Paul Park,1984-08-30,39216
256,Bordy,Saladine,bsaladine73@cnet.com,8735 Graceland Way,,78296
257,Rutter,Antonich,rantonich74@booking.com,55835 Merrick Lane,,53726
258,Noe,Husthwaite,nhusthwaite75@multiply.com,458 Summer Ridge Junction,1965-01-29,79940
259,Dermot,Ivins,divins76@disqus.com,04776 1st Center,,18018
260,Maure,Bartke,mbartke77@360.cn,14510 Katie Junction,,32919
261,Winifred,Vincent,wvincent78@pbs.org,490 Acker Terrace,1989-06-05,92862
262,Jordan,Juanes,jjuanes79@wordpress.org,99 Morningstar Parkway,1989-08-23,32941
263,Paulo,Jirusek,pjirusek7a@example.com,38 Ridgeway Plaza,,85743
264,Emmey,Durie,edurie7b@nydailynews.com,76 Kipling Way,,80995
265,Kim,Rispin,krispin7c@php.net,47 Rigney Center,,32314
266,Amos,Rebichon,arebichon7d@va.gov,3 Mifflin Point,1974-06-14,75392
267,Josephina,Cupitt,jcupitt7e@twitpic.com,504 Elmside Parkway,1945-06-28,78769
268,Cammy,Arrell,carrell7f@archive.org,886 Pankratz Court,1972-08-10,15266
269,Ray,Duchateau,rduchateau7g@uiuc.edu,14 Barnett Park,,52809
270,Thaddus,Simcox,tsimcox7h@unesco.org,462 Oxford Point,,83711
271,Minnaminnie,Kelwick,mkelwick7i@hexun.com,153 Katie Point,,47747
272,Charity,Blood,cblood7j@cpanel.net,94 Morning Avenue,,48242
273,Sean,Rozanski,srozanski7k@marriott.com,32 Roth Hill,,10099
274,Laughton,Kunath,lkunath7l@ted.com,5987 Rockefeller Court,,25389
275,Edik,Rohan,erohan7m@ask.com,47 Transport Center,,98158
276,Martynne,Whitlam,mwhitlam7n@xing.com,5 Stang Park,1951-10-22,22309
277,Orion,Kolodziejski,okolodziejski7o@blogtalkradio.com,1312 Monument Junction,,21275
278,Cassie,Perfitt,cperfitt7p@bravesites.com,08868 Holy Cross Center,1993-03-12,12325
279,Kakalina,Irdale,kirdale7q@ehow.com,6130 David Center,,80995
280,Ulrich,Innett,uinnett7r@upenn.edu,110 Morrow Crossing,1951-01-12,7112
281,Tallulah,Spriggs,tspriggs7s@google.de,9 Dawn Place,,10090
282,Lexine,Puzey,lpuzey7t@arstechnica.com,21 Straubel Junction,1949-05-06,90045
283,Latrina,Elderidge,lelderidge7u@addtoany.com,99768 Waxwing Terrace,1976-12-29,66225
284,Sammy,Bartoletti,sbartoletti7v@baidu.com,1 Saint Paul Park,1998-03-17,22111
285,Janeczka,Leinweber,jleinweber7w@alibaba.com,65835 Mariners Cove Crossing,1987-02-01,28220
286,Egan,Renshaw,erenshaw7x@soundcloud.com,2 Hansons Plaza,1980-11-05,10160
287,Bobby,Grayland,bgrayland7y@i2i.jp,89 Hoard Way,,20910
288,Andie,Pitceathly,apitceathly7z@acquirethisname.com,998 Tomscot Park,1981-11-07,68531
289,Martina,Forrington,mforrington80@prweb.com,43666 Walton Court,,76105
290,Zorana,Dirand,zdirand81@histats.com,47532 Farragut Alley,1983-08-17,63104
291,Gerrard,Gatheral,ggatheral82@shareasale.com,8 Mifflin Circle,1974-07-30,11431
292,Burton,Bertelet,bbertelet83@tmall.com,4 Lindbergh Lane,1988-05-30,23260
293,Ange,Langlands,alanglands84@bing.com,1721 Hanson Road,1974-12-12,19093
294,Edin,Blinckhorne,eblinckhorne85@google.ru,71 Golden Leaf Terrace,1987-09-22,46202
295,Karon,Beams,kbeams86@diigo.com,3635 Oakridge Trail,,30368
296,Annabal,Coneron,aconeron87@columbia.edu,2382 Muir Circle,1963-11-19,90065
297,Itch,MacKowle,,0 Lillian Alley,1957-07-31,32309
298,Sumner,Linkleter,slinkleter89@surveymonkey.com,86870 Arizona Point,1953-11-18,10454
299,Sax,Bibby,sbibby8a@php.net,60612 Arizona Center,,99205
300,Ulberto,Harbidge,uharbidge8b@indiegogo.com,31799 Talmadge Court,1940-05-28,50362
301,Saul,Yann,syann8c@nasa.gov,04865 Dennis Court,,38181
302,Natalie,Dibdale,ndibdale8d@marketwatch.com,060 Armistice Lane,1986-11-03,34615
303,Raven,Secretan,rsecretan8e@psu.edu,87266 Dorton Hill,1956-08-16,79769
304,Gilburt,Shimman,gshimman8f@domainmarket.com,87 Stuart Park,1946-10-19,45490
305,Maurizio,Juste,mjuste8g@nsw.gov.au,2 Lillian Pass,1953-08-30,37665
306,Barn,Cranna,bcranna8h@amazonaws.com,56 Continental Hill,1980-06-17,34102
307,Sam,Colebourn,scolebourn8i@symantec.com,0 Merrick Way,,49518
308,Witty,Rosoman,wrosoman8j@mit.edu,602 Gale Place,1996-02-24,61651
309,Tuesday,Geator,tgeator8k@nyu.edu,4 Sunbrook Avenue,1979-09-26,53790
310,Giffy,Mary,gmary8l@smh.com.au,931 Susan Court,1940-05-11,94302
311,Mozelle,Bilson,mbilson8m@ihg.com,05 Center Plaza,1958-11-25,80525
312,Dulcinea,McFetridge,dmcfetridge8n@vistaprint.com,43 Buhler Junction,1955-09-08,98115
313,Flem,Gelsthorpe,fgelsthorpe8o@dagondesign.com,1 Butternut Plaza,1973-11-24,37416
314,Hattie,Lanphere,hlanphere8p@elpais.com,46866 Fordem Plaza,1952-09-04,22093
315,Romola,Demeter,rdemeter8q@51.la,31613 Warbler Street,,10079
316,Lorilyn,Godilington,lgodilington8r@europa.eu,97856 Farragut Plaza,1941-09-13,94705
317,Bearnard,Matresse,bmatresse8s@hc360.com,50451 Killdeer Hill,1960-06-07,60674
318,Tyne,Phillins,tphillins8t@google.ca,68 Eagle Crest Point,1993-12-11,24009
319,Wilbur,Pughsley,wpughsley8u@cnbc.com,901 Fairview Park,1957-05-17,2119
320,Iago,Cleland,icleland8v@mysql.com,2 Hauk Pass,,40586
321,Gleda,Lacroix,glacroix8w@salon.com,121 Fordem Junction,1978-02-27,78732
322,Alis,Atto,aatto8x@unicef.org,96254 Oriole Road,1957-12-24,20557
323,Iorgos,Corker,icorker8y@purevolume.com,62146 Debra Park,1940-01-29,30311
324,Susy,Jursch,sjursch8z@senate.gov,7958 Waywood Lane,1957-10-23,33961
325,Jaclyn,Pearcey,jpearcey90@i2i.jp,325 Towne Avenue,1981-11-22,79934
326,Finn,Sobczak,fsobczak91@geocities.com,767 Shoshone Road,1961-10-07,23213
327,Alphard,Cordova,acordova92@sciencedaily.com,25 Dovetail Way,,79710
328,Merill,Talkington,mtalkington93@dot.gov,79098 Sherman Plaza,,86305
329,Julienne,Maddison,jmaddison94@yale.edu,41790 Loeprich Court,1971-08-29,33462
330,Lucius,MacTavish,lmactavish95@boston.com,5 Farmco Center,,32255
331,Quintana,Keough,qkeough96@livejournal.com,18859 Merrick Drive,1965-12-02,19178
332,Leslie,Gilliland,,9 Westport Circle,1978-01-13,50393
333,Edithe,Bordone,ebordone98@statcounter.com,1340 Oneill Pass,1988-07-12,6140
334,Catriona,Albiston,calbiston99@cnn.com,7 Steensland Court,1966-12-09,40205
335,Felipa,Felkin,ffelkin9a@mozilla.com,071 Maywood Circle,,78769
336,Shayne,Frondt,sfrondt9b@etsy.com,00 American Ash Lane,1981-01-20,28263
337,Lauralee,Leathard,lleathard9c@biblegateway.com,8 Sauthoff Point,,20918
338,Lucky,Greaterex,lgreaterex9d@macromedia.com,3178 Hanover Avenue,1990-05-28,78470
339,Kenna,Botwright,kbotwright9e@google.de,28143 Ridgeway Terrace,,11407
340,Redford,Rosenwasser,,649 Northfield Circle,1949-12-29,10203
341,Cooper,Vasilenko,cvasilenko9g@yale.edu,655 Cottonwood Street,1987-01-05,21405
342,Juliet,Tamlett,jtamlett9h@walmart.com,5 Independence Place,1994-10-19,94207
343,Marven,Mill,mmill9i@phpbb.com,10280 Maple Wood Pass,,93740
344,Larine,Phalp,lphalp9j@i2i.jp,48987 Karstens Drive,1976-02-22,74133
345,Karilynn,Wasbey,,4258 Hovde Point,,67236
346,Elita,Malloy,emalloy9l@seesaa.net,89263 Dwight Parkway,1965-05-26,50706
347,Rivalee,Colledge,rcolledge9m@yellowpages.com,6 Menomonie Drive,,12255
348,Donn,Farish,dfarish9n@npr.org,2 Derek Point,1987-03-30,37995
349,Larine,Liddard,lliddard9o@mysql.com,420 Macpherson Way,1975-04-13,85311
350,Sheryl,McSporon,smcsporon9p@meetup.com,77134 Waywood Circle,1997-08-14,60663
351,Minor,Waszczyk,mwaszczyk9q@acquirethisname.com,8 Brickson Park Court,1960-02-02,88006
352,Katti,Po,kpo9r@jalbum.net,47365 Swallow Road,1945-11-14,29625
353,Constance,Rowbrey,crowbrey9s@twitter.com,344 Mayfield Court,1959-04-26,47134
354,Lowe,Stuchberry,lstuchberry9t@edublogs.org,4500 Cottonwood Drive,1996-02-23,90040
355,Fanchette,Teaser,,2 Algoma Junction,1969-06-26,98140
356,Cassondra,MacSkeagan,cmacskeagan9v@360.cn,907 Iowa Terrace,,10060
357,Stern,Emanuelli,semanuelli9w@blogspot.com,8062 Acker Drive,,80279
358,Obie,Ledgister,oledgister9x@live.com,1000 Briar Crest Court,1991-07-25,60614
359,Howard,Bergstrand,hbergstrand9y@comcast.net,90400 Bellgrove Way,,68517
360,Debby,Haggarty,dhaggarty9z@acquirethisname.com,3751 Monterey Junction,1976-09-24,13251
361,Sarena,Mullarkey,smullarkeya0@photobucket.com,9391 Rutledge Trail,1962-03-18,46221
362,Cher,Brugman,cbrugmana1@sakura.ne.jp,3 3rd Crossing,1994-07-07,8104
363,Gavrielle,Gonsalo,ggonsaloa2@sun.com,42940 Vidon Street,,55590
364,Mohammed,Spehr,mspehra3@about.com,375 Calypso Way,1977-10-01,14276
365,Fabiano,Endean,fendeana4@wix.com,98031 Roxbury Avenue,1958-04-24,44305
366,Avril,Maidstone,amaidstonea5@booking.com,06228 Farmco Hill,,80235
367,Vicky,Cruxton,vcruxtona6@nasa.gov,9332 Clyde Gallagher Crossing,1951-01-06,40266
368,Keefe,Warham,kwarhama7@seattletimes.com,362 Lakewood Gardens Street,,89550
369,Elroy,Shee,esheea8@java.com,52 Ridgeview Lane,,14624
370,Johnathan,Josipovic,jjosipovica9@odnoklassniki.ru,2 Glacier Hill Point,,33432
371,Hoebart,Pittman,hpittmanaa@springer.com,19838 Manufacturers Drive,1945-10-03,94159
372,Kerk,Grogan,kgroganab@cnn.com,81800 Pond Parkway,,6726
373,Clarinda,Speak,cspeakac@bizjournals.com,13148 Towne Alley,,31165
374,Morly,Mcsarry,mmcsarryad@bravesites.com,97 Declaration Center,1974-07-19,45249
375,Vicky,Cogan,vcoganae@arstechnica.com,788 Jana Street,1951-05-03,10090
376,Bertram,Avraam,bavraamaf@weibo.com,22 Kingsford Alley,,32215
377,Dulcine,Danzelman,,52145 Carey Junction,,21684
378,Keefe,Larn,klarnah@typepad.com,227 Graceland Court,1988-09-02,61105
379,Katina,Lowten,klowtenai@google.co.jp,996 7th Park,1941-11-21,20088
380,Bondy,Maletratt,bmaletrattaj@jimdo.com,95 Bluestem Avenue,,24029
381,Allie,Pettengell,apettengellak@amazonaws.com,1783 Schurz Road,,99260
382,Brandy,Hails,bhailsal@elegantthemes.com,841 Buena Vista Alley,1979-11-22,94611
383,Dynah,Correa,dcorreaam@freewebs.com,9 Moose Trail,1985-02-10,55115
384,Pall,Portress,pportressan@google.it,1946 Southridge Alley,1969-05-15,80910
385,Jard,Jeune,,13852 Twin Pines Center,1943-10-02,10060
386,Sayre,Bracer,sbracerap@sciencedirect.com,4046 Northport Court,1998-07-09,62723
387,Torrin,Vant,tvantaq@google.co.jp,1 Carioca Road,,30919
388,Jacki,Dinsey,jdinseyar@usa.gov,581 Truax Court,,28256
389,Yance,Digance,ydiganceas@time.com,0851 Crownhardt Road,1970-11-06,32314
390,Minnie,Zellmer,mzellmerat@ameblo.jp,1 Fairview Road,1962-11-28,33906
391,Alden,Lucia,aluciaau@bizjournals.com,7799 Thompson Place,1963-01-10,8603
392,Iorgo,Vickerstaff,ivickerstaffav@wordpress.org,86 Charing Cross Parkway,1989-05-31,11355
393,Catharine,Bullers,cbullersaw@etsy.com,0 Grover Park,1951-11-21,20310
394,Ardra,Bowhay,abowhayax@apache.org,49 Riverside Lane,1942-05-28,90831
395,Shurwood,Kruschov,skruschovay@wikipedia.org,9 Heath Park,,77276
396,Jamal,Baversor,jbaversoraz@time.com,3 Acker Crossing,1975-04-22,40210
397,Ivonne,Wadlow,iwadlowb0@simplemachines.org,12885 Green Ridge Street,,2405
398,Charmaine,Corkill,ccorkillb1@unc.edu,205 Shopko Point,,32405
399,Cirstoforo,Heisman,cheismanb2@amazon.de,3 Monica Parkway,1950-07-07,59806
400,Demetria,Mesias,dmesiasb3@slashdot.org,5344 Pepper Wood Road,1971-11-11,85077
401,Vic,Meechan,vmeechanb4@umn.edu,02 Bowman Park,1978-01-27,28215
402,Worden,Smiths,wsmithsb5@merriam-webster.com,01 Fremont Pass,,83711
403,Beatrice,Eickhoff,beickhoffb6@newsvine.com,1 Pierstorff Parkway,,33448
404,Petey,Cardon,pcardonb7@mapquest.com,29 Fieldstone Park,1948-01-08,35242
405,Lacy,McLinden,lmclindenb8@europa.eu,39327 Bluejay Lane,1995-11-11,70179
406,Brenn,Bernade,bbernadeb9@ca.gov,361 Mitchell Drive,,20215
407,Brendis,Heathcoat,bheathcoatba@mac.com,3429 Oriole Point,1981-11-02,79945
408,Fan,Buckler,fbucklerbb@marketwatch.com,3377 Milwaukee Plaza,1985-11-06,32919
409,Aguie,Doward,adowardbc@sphinn.com,5932 Chinook Center,,60674
410,Val,Saffin,vsaffinbd@globo.com,1 Manitowish Place,,12210
411,Nanette,Thing,nthingbe@hubpages.com,598 Haas Drive,1991-06-10,74184
412,Gilburt,Wilmot,gwilmotbf@ucla.edu,62642 Crescent Oaks Plaza,1974-09-07,32505
413,Arleta,Brewse,abrewsebg@fda.gov,13 Dexter Street,,80299
414,Felipe,Alldritt,falldrittbh@smugmug.com,34815 4th Court,1943-05-05,22119
415,Patrice,Godbold,,953 Hanson Plaza,1987-03-08,2109
416,Abby,Broughton,abroughtonbj@reddit.com,2691 Eagan Court,,91499
417,Woody,McLucky,wmcluckybk@last.fm,33392 Southridge Alley,1958-03-23,84105
418,Rosalinda,Guillon,rguillonbl@google.es,66 Merrick Trail,,17105
419,Hamid,Kiwitz,hkiwitzbm@nih.gov,25926 Iowa Avenue,1952-03-31,79769
420,Karlen,Hovenden,khovendenbn@vistaprint.com,933 Hudson Trail,,14205
421,Miriam,Biddell,mbiddellbo@utexas.edu,02 Warrior Road,,32808
422,Arte,Banaszczyk,abanaszczykbp@amazon.co.jp,5 Bunting Center,1999-10-21,32209
423,Richard,Broxton,rbroxtonbq@nationalgeographic.com,5186 Lake View Plaza,,92186
424,Yule,Pincott,ypincottbr@skype.com,12 Columbus Court,1995-09-13,75379
425,Rollin,Castiglione,,8184 Michigan Crossing,1950-02-24,44191
426,Kimberli,Ewbanck,kewbanckbt@themeforest.net,35 Hovde Road,1950-03-23,92645
427,Nada,Rickson,,8486 Petterle Place,1943-02-01,50393
428,John,Farnan,jfarnanbv@earthlink.net,7016 Dottie Plaza,1972-07-09,73179
429,Cordie,Stockin,cstockinbw@wufoo.com,86 Ilene Alley,1953-03-05,95155
430,Kimble,Radleigh,kradleighbx@youku.com,897 Shopko Way,1999-09-09,75221
431,Dela,Lovewell,dlovewellby@nationalgeographic.com,5 Green Place,1981-05-04,66215
432,Sterling,Geator,sgeatorbz@cafepress.com,66 Vahlen Avenue,1991-08-18,37245
433,Karrie,Minall,kminallc0@diigo.com,4 Barnett Court,1990-12-06,30301
434,Murry,Giannazzo,mgiannazzoc1@globo.com,2456 Russell Park,1993-11-28,31217
435,Odilia,Kubiczek,okubiczekc2@disqus.com,99485 Duke Parkway,1965-12-30,97405
436,Kellby,Orry,korryc3@technorati.com,75 Utah Court,,75353
437,Nelly,Donalson,ndonalsonc4@mit.edu,455 Kinsman Lane,,85720
438,Svend,Battell,,91 Clove Plaza,1943-06-23,39534
439,Freida,Thirst,fthirstc6@arstechnica.com,80566 Kingsford Way,,62718
440,Wallis,Whatson,wwhatsonc7@google.fr,6 Shelley Pass,1971-01-15,32215
441,Beatrice,Tschiersch,btschierschc8@paypal.com,478 Vera Trail,1943-02-08,92648
442,Garland,Tiler,gtilerc9@biglobe.ne.jp,66 Fulton Court,1995-03-10,93584
443,Hatti,Simoens,hsimoensca@cam.ac.uk,9 Northwestern Place,,34205
444,Marietta,Gatheral,mgatheralcb@statcounter.com,5071 Veith Road,1953-03-28,10110
445,Daisie,Irvine,dirvinecc@springer.com,467 Oriole Alley,,65105
446,Lucais,Murrigan,lmurrigancd@desdev.cn,1 Stang Lane,1997-12-08,66205
447,Roxine,Escale,rescalece@baidu.com,6 Anhalt Trail,,10175
448,Priscella,Salmons,psalmonscf@pen.io,805 Clove Court,1953-07-07,76198
449,Rafa,Greave,rgreavecg@geocities.com,6 Sutherland Point,1982-07-08,23454
450,Dasi,Fellibrand,dfellibrandch@acquirethisname.com,580 Marquette Alley,1943-04-06,28305
451,Caryl,Pandya,cpandyaci@123-reg.co.uk,25305 Mockingbird Drive,,51110
452,Adaline,Lideard,alideardcj@wiley.com,407 Oak Valley Hill,1962-05-25,60646
453,Meghann,Cornau,mcornauck@barnesandnoble.com,16993 Rieder Plaza,,89074
454,Elvera,Waghorn,ewaghorncl@virginia.edu,4 Forster Crossing,,93584
455,Gannie,Lamb-shine,glambshinecm@pbs.org,0 Stuart Place,1997-09-13,75044
456,Giana,Hartzogs,ghartzogscn@drupal.org,59 Evergreen Avenue,1974-01-04,30316
457,Pammy,Cowhig,pcowhigco@msn.com,8721 Ilene Terrace,1968-01-26,7522
458,Travers,Birtles,tbirtlescp@indiatimes.com,6722 Milwaukee Road,1978-12-26,83727
459,Sherye,Rodd,sroddcq@yandex.ru,8 Huxley Alley,,63121
460,Tabbatha,Schustl,tschustlcr@stanford.edu,0222 Pawling Junction,1978-07-07,96835
461,Norma,Grenville,ngrenvillecs@senate.gov,56 Stone Corner Circle,,50706
462,Damita,Edens,dedensct@si.edu,865 Jenifer Parkway,,23605
463,Shalne,Hawkwood,shawkwoodcu@indiatimes.com,99 Messerschmidt Junction,,37250
464,Elsie,Tewnion,etewnioncv@theatlantic.com,6 Westport Drive,1965-12-24,15225
465,Gunner,Shawell,gshawellcw@seesaa.net,90593 Mendota Crossing,,23705
466,Elianore,Croisier,ecroisiercx@godaddy.com,4 Mitchell Park,1977-03-14,14639
467,Alvira,Edmott,aedmottcy@miibeian.gov.cn,20523 Spaight Drive,1978-05-31,85311
468,Libbie,Holligan,lholligancz@issuu.com,62 Autumn Leaf Point,1967-08-08,12205
469,Genia,Taverner,gtavernerd0@china.com.cn,3722 Muir Way,,32835
470,Adlai,Crombleholme,acrombleholmed1@example.com,73 Dexter Plaza,1960-07-30,43635
471,Marius,Genner,mgennerd2@whitehouse.gov,133 Steensland Hill,,30358
472,Fleur,Toop,ftoopd3@infoseek.co.jp,43 Scofield Circle,1985-10-17,94622
473,Aprilette,Blaine,ablained4@home.pl,918 Miller Junction,,21275
474,Bliss,Hallin,bhallind5@cargocollective.com,269 Butterfield Circle,1969-09-10,20892
475,Amelie,Losty,alostyd6@imageshack.us,91 Randy Plaza,,2458
476,Jemie,Heatherington,jheatheringtond7@msn.com,7 Utah Pass,1997-12-30,33261
477,Mable,Ramalho,mramalhod8@ft.com,527 Melvin Park,1970-03-06,10125
478,Nichol,Hubbocks,nhubbocksd9@archive.org,214 Lillian Terrace,,30328
479,Roderic,Juste,rjusteda@bluehost.com,9 Norway Maple Junction,1982-01-03,62764
480,Caty,Goracci,cgoraccidb@hexun.com,12 Menomonie Park,1999-10-11,76105
481,Rex,Banisch,rbanischdc@clickbank.net,51153 Haas Point,1997-09-11,32859
482,Austine,Wollaston,,14 Westerfield Pass,1977-08-23,48335
483,Reginald,Edmans,redmansde@yahoo.com,18 Jenna Crossing,,64130
484,Richart,Bendik,rbendikdf@tuttocitta.it,31 Namekagon Crossing,,75044
485,Teddy,Vizor,tvizordg@redcross.org,297 Blackbird Hill,1969-09-14,10039
486,Elena,Beddall,ebeddalldh@seesaa.net,54 Valley Edge Way,1967-08-30,70805
487,Maynord,Caldecot,mcaldecotdi@dedecms.com,25813 Daystar Lane,,20268
488,Tobie,Frango,tfrangodj@cbc.ca,55813 Kings Terrace,,30328
489,Jaymee,Gauge,jgaugedk@dagondesign.com,8257 Eliot Road,,33124
490,Bernadina,Flipsen,bflipsendl@unblog.fr,2 Roxbury Circle,,19810
491,Tynan,Masselin,tmasselindm@nasa.gov,46 Vera Alley,,23260
492,Maude,O'Leagham,moleaghamdn@prlog.org,31739 Monterey Way,1990-09-07,62711
493,Ambrosio,Reisk,areiskdo@ca.gov,454 Rockefeller Center,,79116
494,Hamel,Bentall,hbentalldp@globo.com,4718 Troy Terrace,1940-11-04,34611
495,Max,Benfell,mbenfelldq@ameblo.jp,468 Bonner Crossing,,44177
496,Beatrix,Mansfield,,6 Schurz Street,1944-04-19,48295
497,Aubrie,Seger,asegerds@addtoany.com,7 Continental Junction,1947-12-24,22093
498,Euphemia,Sykes,esykesdt@biblegateway.com,26130 Mitchell Drive,1954-09-17,63116
499,Ameline,Lough,aloughdu@marriott.com,43 Anthes Place,1970-08-28,10110
500,Kyle,Bernucci,kbernuccidv@yahoo.co.jp,13763 Commercial Street,1991-11-13,55436
501,Bing,Daysh,bdayshdw@fema.gov,85 Derek Place,1994-03-12,90045
502,Felizio,Catlow,fcatlowdx@nydailynews.com,97170 Fremont Junction,,33075
503,Teodoro,Shrimplin,tshrimplindy@globo.com,3 Scofield Park,1942-10-26,50330
504,Lorrie,McGuigan,,4 Nobel Trail,1996-07-18,19196
505,Jeanine,Maddison,jmaddisone0@ftc.gov,6922 Erie Plaza,,33075
506,Noach,Redmore,nredmoree1@dot.gov,4 Wayridge Hill,1993-04-03,94611
507,Davey,Fairlamb,dfairlambe2@businessinsider.com,3039 Larry Junction,1960-10-03,19093
508,Mic,Waggatt,mwaggatte3@myspace.com,1 Sage Hill,1995-01-04,94405
509,Antonie,Gieraths,agierathse4@hc360.com,5 Ridgeway Circle,1963-07-03,55412
510,Frans,Del Checolo,,379 Scoville Point,1988-12-09,98442
511,Cordy,Shoveller,cshovellere6@whitehouse.gov,0038 Westport Road,,24503
512,Antoinette,Droogan,adroogane7@dell.com,05 Surrey Way,1983-05-19,78783
513,Alvin,Morrid,amorride8@nifty.com,9 Mosinee Park,1951-07-25,10034
514,Odele,Bryan,obryane9@fotki.com,411 Rutledge Terrace,,86305
515,Ahmad,Niemetz,aniemetzea@reference.com,4 Manitowish Terrace,1957-01-15,52405
516,Obediah,Emlen,oemleneb@cargocollective.com,7 Mockingbird Center,1964-06-14,15255
517,Ermengarde,Brunotti,ebrunottiec@forbes.com,94087 Hallows Street,,48126
518,Mallorie,Insoll,minsolled@php.net,80 Longview Crossing,1959-02-10,50320
519,Gweneth,Waye,gwayeee@booking.com,03 Westport Drive,,20189
520,Glenna,Murphey,,05626 Little Fleur Junction,1972-08-11,2472
521,Otes,Twaits,otwaitseg@un.org,48 Steensland Plaza,,30380
522,Norbert,Perago,nperagoeh@earthlink.net,10663 Pearson Street,1944-05-18,6705
523,Beryle,Yegorchenkov,byegorchenkovei@arstechnica.com,1 Fuller Way,,3105
524,Beaufort,Burmaster,bburmasterej@xinhuanet.com,07 Kinsman Road,1984-04-11,33345
525,Marna,Rexworthy,mrexworthyek@canalblog.com,2 Holy Cross Road,,97240
526,Melva,Llewellin,mllewellinel@wikia.com,731 Thackeray Lane,,94257
527,Amalia,Ritzman,aritzmanem@youtube.com,38264 Merchant Park,,68110
528,Terrill,Iuorio,tiuorioen@ameblo.jp,6 Anniversary Road,1965-05-13,30343
529,Zarla,Crinkley,zcrinkleyeo@jimdo.com,247 Derek Parkway,1942-06-12,66699
530,Jobye,Wace,jwaceep@prnewswire.com,6 Grim Road,1995-09-22,48092
531,Justin,Ludgrove,jludgroveeq@ebay.com,5 Anhalt Alley,,10131
532,Ilysa,Londesborough,,29 Westend Drive,1999-02-09,12205
533,Emlyn,Baggett,ebaggettes@t.co,98 Fremont Terrace,1965-10-18,27455
534,Amity,Carslaw,,281 Bobwhite Drive,1995-05-20,48901
535,Carolyn,Yesenev,cyeseneveu@imgur.com,135 Maple Wood Crossing,1953-12-02,85748
536,Elysia,Stickins,estickinsev@aol.com,8 Coleman Way,1992-03-19,46254
537,Carmelita,Stenton,cstentonew@springer.com,59138 Esker Junction,1950-12-07,10099
538,Renee,Bunker,rbunkerex@timesonline.co.uk,02 Buhler Circle,1962-10-26,14614
539,Brett,Sarfas,bsarfasey@who.int,114 Spenser Way,1953-07-04,46620
540,Johnna,Parades,jparadesez@adobe.com,06 Petterle Trail,1961-01-27,20215
541,Arch,McCreary,amccrearyf0@wisc.edu,49223 Sheridan Road,,87201
542,Avie,Summerskill,asummerskillf1@clickbank.net,268 Bunker Hill Junction,1994-01-19,94291
543,Darcy,Cops,dcopsf2@arizona.edu,53 Maple Junction,,30066
544,Whit,Ayerst,wayerstf3@twitpic.com,3 Fairfield Trail,,79989
545,Carlie,Leak,cleakf4@joomla.org,6 Oriole Road,,33647
546,Vittoria,Maps,vmapsf5@163.com,511 Glacier Hill Park,1969-03-18,64179
547,Kaitlin,Wringe,kwringef6@alexa.com,4 Elmside Drive,1965-10-31,43240
548,Ava,Leon,aleonf7@technorati.com,07030 Ruskin Trail,1966-04-06,55108
549,Vickie,Greber,vgreberf8@mapquest.com,81353 Oak Circle,1975-08-18,27615
550,Duky,Durno,ddurnof9@columbia.edu,56 Lotheville Avenue,1981-12-12,93034
551,Rosabelle,Eglin,reglinfa@admin.ch,55508 Heath Hill,1948-04-09,77035
552,Berkly,Boys,bboysfb@cdc.gov,6341 Clemons Plaza,1951-01-05,70820
553,Jolyn,Hessenthaler,jhessenthalerfc@ucoz.com,95511 Marquette Circle,,20226
554,Lonny,Gornal,lgornalfd@elegantthemes.com,78006 Pankratz Way,1952-06-28,32909
555,Benedikta,Sumpter,bsumpterfe@naver.com,48 Susan Crossing,1987-10-13,20046
556,Richart,Ferretti,rferrettiff@cargocollective.com,173 Sommers Plaza,,20380
557,Aloisia,Brabban,abrabbanfg@icio.us,743 Vidon Hill,1958-05-31,55412
558,Ivory,Frith,ifrithfh@cmu.edu,7225 Spenser Point,,93094
559,Karel,Qualtro,kqualtrofi@printfriendly.com,509 Butternut Terrace,1972-12-08,68583
560,Maurie,Leece,,11077 Toban Drive,1970-02-04,19172
561,Nikki,Chapier,nchapierfk@wufoo.com,63013 Transport Pass,,78235
562,Wilbert,Casina,wcasinafl@gov.uk,0 Susan Point,1970-03-29,89145
563,Eileen,Sparey,espareyfm@cnbc.com,09452 Melrose Crossing,1948-03-16,95405
564,Jake,Issett,jissettfn@storify.com,611 Fulton Street,,6538
565,Nevsa,Rickcord,nrickcordfo@marketwatch.com,7 Union Point,1991-02-11,29579
566,Lezley,Purrington,lpurringtonfp@deviantart.com,732 Starling Avenue,1961-11-09,32204
567,Jakie,Logue,jloguefq@wordpress.org,70012 Spohn Road,1985-08-30,35236
568,Wain,Burnard,wburnardfr@un.org,23252 Fairfield Alley,1993-04-08,60681
569,Chloris,Murricanes,,7018 Birchwood Hill,1945-09-01,32891
570,Eddie,Whaley,,74 Thackeray Parkway,1970-06-07,46015
571,Tan,Sancho,tsanchofu@prweb.com,65 Northview Point,1954-04-27,98127
572,Cyndia,Boorer,cboorerfv@si.edu,71134 Fuller Center,1995-09-12,67215
573,Dannie,Godbert,dgodbertfw@stanford.edu,893 Amoth Crossing,,37245
574,Gabi,Bilfoot,gbilfootfx@tmall.com,6 Westerfield Avenue,1999-04-04,80255
575,Rickard,Nealon,rnealonfy@ask.com,9 Rowland Drive,1972-12-27,79928
576,Persis,Lipp,plippfz@nih.gov,8 Park Meadow Court,,23668
577,Adrian,Tetla,atetlag0@wisc.edu,93 Melody Trail,1970-03-22,72215
578,Morganne,Conant,mconantg1@hostgator.com,347 Doe Crossing Center,1970-02-16,77234
579,Lindsy,Kirtlan,lkirtlang2@vistaprint.com,83855 Carioca Crossing,1956-01-04,90081
580,Kylynn,Cakebread,,66737 Scott Parkway,1947-09-27,20409
581,Thea,Crosthwaite,tcrosthwaiteg4@independent.co.uk,735 Buena Vista Junction,,98115
582,Sebastiano,Cecely,scecelyg5@yellowbook.com,89 Dennis Road,1951-09-17,74156
583,Roger,Francillo,rfrancillog6@abc.net.au,6 Chive Center,,12305
584,Karlee,Salliere,,90 Express Court,1953-05-20,46620
585,Guillaume,Cordeau],gcordeaug8@meetup.com,575 Lien Avenue,1959-11-02,50320
586,Joeann,Goldfinch,jgoldfinchg9@digg.com,444 Pepper Wood Road,1986-05-03,37939
587,Hewie,Meiningen,hmeiningenga@dagondesign.com,961 Cody Center,1996-04-08,6606
588,Ashley,Segebrecht,asegebrechtgb@list-manage.com,994 1st Park,,5609
589,Tait,Lillee,tlilleegc@blogtalkradio.com,12 Lunder Point,1947-03-22,14276
590,Doe,Redpath,dredpathgd@pen.io,3209 Welch Alley,,95128
591,Clywd,Crosson,ccrossonge@yolasite.com,71 Starling Street,1965-11-15,65898
592,Leeanne,Tipton,ltiptongf@mac.com,38665 Roth Circle,1978-03-25,33028
593,Radcliffe,Horwell,rhorwellgg@reference.com,818 Old Shore Drive,1989-08-07,80935
594,Nadine,Macy,nmacygh@msn.com,1267 Claremont Lane,1962-04-30,33064
595,Aline,Koene,akoenegi@house.gov,553 Caliangt Alley,1992-12-22,38143
596,Dareen,Jakeman,djakemangj@yahoo.co.jp,430 Ilene Drive,1992-02-27,33141
597,Gonzalo,Szimon,gszimongk@hp.com,2079 Carey Alley,1959-04-07,52405
598,Lorin,Hercules,lherculesgl@reverbnation.com,003 Schurz Street,,11210
599,Nissie,Dilnot,ndilnotgm@japanpost.jp,14 Myrtle Crossing,1966-02-11,97206
600,Clarance,Orpin,,471 David Lane,1982-12-12,46295
601,Miguel,Farny,mfarnygo@nyu.edu,9404 Anhalt Drive,,55551
602,Darcy,Jime,djimegp@bluehost.com,527 Heffernan Way,,98506
603,Cloris,Coie,ccoiegq@wikispaces.com,3 Brown Center,,85083
604,Weider,Lashley,wlashleygr@google.pl,3981 Briar Crest Place,,95210
605,Lauri,Oulet,louletgs@pinterest.com,41 Delladonna Plaza,1981-11-06,11236
606,Katha,Ragdale,,0 Evergreen Terrace,1977-04-18,76115
607,Boy,Tommasetti,btommasettigu@sfgate.com,71 Butterfield Way,,48919
608,Irvin,Rosencrantz,irosencrantzgv@weibo.com,443 Anthes Pass,1991-07-20,55573
609,Cornell,Pitrasso,cpitrassogw@vistaprint.com,2 Logan Road,1995-05-27,37665
610,Claresta,Salandino,csalandinogx@nymag.com,234 Anhalt Park,1951-03-25,7112
611,Doroteya,Shakle,dshaklegy@kickstarter.com,0753 Golf View Crossing,1984-03-08,13251
612,Carlina,Armsden,carmsdengz@cam.ac.uk,8065 Browning Way,,48670
613,Martino,Boundley,mboundleyh0@list-manage.com,1685 Mendota Drive,1965-03-20,73173
614,Aline,Asif,aasifh1@posterous.com,7042 Delladonna Avenue,1976-08-18,99260
615,Pall,Ainsbury,painsburyh2@e-recht24.de,519 Bay Terrace,1983-08-12,61110
616,Brigit,Gantlett,bgantletth3@w3.org,634 Scofield Way,,75044
617,Lanna,Tallyn,ltallynh4@ocn.ne.jp,69947 Carpenter Pass,1955-10-10,11241
618,Iain,Washtell,,7434 Quincy Hill,1954-02-04,32128
619,Julia,Muspratt,jmuspratth6@shareasale.com,32 Daystar Center,1942-12-05,28314
620,Avictor,Hedworth,ahedworthh7@flickr.com,6863 Haas Point,1997-07-02,72215
621,Honoria,Cudmore,hcudmoreh8@fastcompany.com,3110 Schmedeman Road,1994-06-14,45470
622,Maire,Drysdell,mdrysdellh9@hexun.com,1525 Algoma Lane,1984-04-18,20414
623,Arturo,Stemson,astemsonha@simplemachines.org,6297 Waywood Court,,78240
624,Giovanna,Isacsson,gisacssonhb@jugem.jp,5355 Victoria Parkway,1991-02-27,85062
625,Rafaello,Etter,retterhc@studiopress.com,661 Dunning Pass,,78415
626,Jobina,Mariaud,jmariaudhd@nbcnews.com,7971 Eastwood Center,1952-08-23,59112
627,Issy,Foan,ifoanhe@statcounter.com,89115 Weeping Birch Junction,1952-10-17,47812
628,Gerianna,Axon,gaxonhf@e-recht24.de,256 Goodland Place,1985-09-14,53785
629,Dolph,Lawman,dlawmanhg@mediafire.com,884 American Ash Road,1993-06-03,48295
630,Isak,Benoiton,,9 Spenser Street,,99220
631,Debbie,Stuckley,dstuckleyhi@youku.com,3201 Graceland Terrace,1941-05-19,87190
632,Elysha,Brinkman,ebrinkmanhj@tinypic.com,042 Holy Cross Hill,1971-04-03,10009
633,Linus,Raspin,lraspinhk@sphinn.com,68323 Portage Parkway,1989-04-18,66622
634,Sylvester,McGuinness,,095 Golf View Parkway,1983-02-10,60691
635,Kitty,Annes,kanneshm@blogs.com,7 Heffernan Avenue,1960-10-04,99220
636,Phylis,Mewrcik,pmewrcikhn@dailymotion.com,833 Grasskamp Parkway,,76305
637,Miguela,Dennert,mdennertho@paypal.com,8 Bobwhite Lane,1943-12-12,76598
638,Perry,Deverill,pdeverillhp@dropbox.com,7351 Northview Alley,,68105
639,Roosevelt,MacVay,rmacvayhq@chronoengine.com,7581 Reinke Street,1944-05-28,33245
640,Vi,Ferronel,,38 Commercial Trail,,96840
641,Ninon,Dmych,ndmychhs@lulu.com,252 Merrick Point,1966-01-17,99260
642,Engelbert,Clyne,eclyneht@w3.org,2719 Bellgrove Lane,1971-05-13,1654
643,Hobart,Harrinson,hharrinsonhu@mozilla.org,8971 Buhler Terrace,,20784
644,Johnath,Chable,jchablehv@walmart.com,7222 Goodland Court,1990-05-14,88514
645,Catherina,Friel,cfrielhw@washington.edu,948 Fordem Road,1953-04-14,17622
646,Kimberlyn,Gianuzzi,kgianuzzihx@digg.com,81181 Russell Lane,,45238
647,Connie,Talby,ctalbyhy@tripod.com,724 Dapin Plaza,1951-10-28,8603
648,Derron,Mcimmie,,460 Superior Plaza,1962-07-28,94250
649,Johan,Mollin,jmollini0@yahoo.com,4804 Mandrake Street,,80204
650,Alic,Steadman,asteadmani1@ox.ac.uk,69749 Moose Circle,1989-05-25,95828
651,Urbanus,Dunderdale,udunderdalei2@nytimes.com,18829 Dawn Hill,,80915
652,Tracee,Giscken,tgisckeni3@shop-pro.jp,2154 Forster Avenue,1954-07-24,79705
653,Guido,Emmanuele,gemmanuelei4@wisc.edu,3 Vahlen Avenue,1980-07-13,64136
654,Roanna,Fishburn,rfishburni5@bbb.org,3370 Goodland Avenue,,54313
655,Angelita,Moquin,amoquini6@miitbeian.gov.cn,2 Summer Ridge Alley,,32244
656,Michal,Diego,mdiegoi7@un.org,0725 High Crossing Center,1954-06-27,58106
657,Aurea,Hathwood,,7558 Donald Hill,1965-05-05,80228
658,Toddie,Hallan,thallani9@economist.com,6 Dennis Hill,,98158
659,Lilias,Grabbam,lgrabbamia@webeden.co.uk,79439 Iowa Way,1985-10-04,56944
660,Gabi,Gonzales,ggonzalesib@ox.ac.uk,2474 Dennis Alley,,34238
661,Kittie,Shelborne,kshelborneic@utexas.edu,9018 Leroy Street,,85305
662,Douglas,Stolting,dstoltingid@cornell.edu,04499 Merrick Pass,1949-06-29,22212
663,Howey,Helliker,,0 Parkside Court,,89105
664,Antonetta,Elves,aelvesif@businessweek.com,2 Debs Hill,1962-06-19,73124
665,Cordie,Hambridge,chambridgeig@globo.com,90 Prairie Rose Court,1958-04-09,99709
666,Fons,Granville,fgranvilleih@noaa.gov,76958 Fisk Lane,1981-01-22,33196
667,Liva,Eunson,leunsonii@washingtonpost.com,76445 Debs Way,1979-09-07,6912
668,Isiahi,Grabb,igrabbij@icq.com,73 Hovde Hill,,78220
669,Tamqrah,O'Halleghane,tohalleghaneik@xrea.com,436 Utah Terrace,,85715
670,Eugenio,Sandercock,,8 Surrey Terrace,1996-06-12,10105
671,Kellen,Dorrell,kdorrellim@4shared.com,750 Lyons Lane,1956-04-12,10090
672,Gianina,Scapelhorn,,3270 Heffernan Park,1946-07-18,33018
673,Elsi,Domanski,edomanskiio@tinyurl.com,60 Packers Court,1959-10-30,43204
674,Damon,Grix,dgrixip@foxnews.com,7535 Bluejay Terrace,1965-10-14,63110
675,Kayle,Bauldry,kbauldryiq@spiegel.de,68 Tennyson Alley,,23285
676,Wynn,Jeary,wjearyir@irs.gov,0176 Portage Point,1948-01-31,23459
677,Neall,Willgrass,nwillgrassis@webeden.co.uk,03 Sutherland Court,1980-01-15,78250
678,Ameline,Duns,adunsit@etsy.com,456 Lakewood Gardens Terrace,,23514
679,Kort,Tabbernor,ktabbernoriu@multiply.com,94 Dryden Point,1998-06-30,30301
680,Roda,Ranfield,rranfieldiv@cbc.ca,54 Muir Hill,,72222
681,Etheline,Golledge,egolledgeiw@hexun.com,5006 Norway Maple Point,1949-11-01,97312
682,Artus,Robey,arobeyix@foxnews.com,8686 Bultman Point,1971-03-26,60158
683,Ewen,Dunsford,,0 Sundown Pass,1953-07-01,80209
684,Myrvyn,Pancoust,mpancoustiz@wp.com,92 Del Mar Parkway,1942-07-07,20370
685,Shandie,Pinches,spinchesj0@ehow.com,7912 Spenser Drive,,55905
686,Norah,Colecrough,,3 Hagan Road,1961-04-27,75277
687,Winifield,Haythornthwaite,,86498 Ruskin Park,,76905
688,Kile,Ahlf,kahlfj3@gnu.org,845 Wayridge Hill,1957-05-27,21747
689,Kyla,Newberry,knewberryj4@unesco.org,9679 Service Way,1995-01-24,17140
690,Brendan,Chesterton,,54077 Judy Pass,1987-08-07,92013
691,Claudine,Windley,cwindleyj6@live.com,9 Johnson Terrace,,46814
692,Jordanna,Eshmade,jeshmadej7@bbc.co.uk,2 Portage Alley,1987-11-30,37931
693,Erminia,Tash,etashj8@answers.com,20 Cordelia Court,1946-11-02,24024
694,Therese,Menicomb,,5218 Johnson Hill,1962-12-06,36610
695,Darcy,Pleace,dpleaceja@dailymotion.com,381 Doe Crossing Parkway,,29240
696,Obidiah,Boggish,oboggishjb@woothemes.com,5 American Alley,,53215
697,Auroora,Espinosa,aespinosajc@ucsd.edu,58 Shoshone Circle,1972-06-18,68134
698,Andrus,Akram,aakramjd@shareasale.com,0447 Pennsylvania Park,,55564
699,Nicholle,Dmych,ndmychje@state.gov,1170 Talmadge Drive,1961-12-14,48901
700,Pierre,De Giorgis,pdegiorgisjf@discuz.net,9 Crescent Oaks Avenue,1948-09-05,85205
701,Nyssa,Edgar,nedgarjg@skype.com,961 Londonderry Plaza,,46620
702,Minta,Dovydenas,mdovydenasjh@spotify.com,85545 Westport Point,1989-12-04,47134
703,Barnaby,Dabney,bdabneyji@sphinn.com,2163 Vera Terrace,1984-10-20,30336
704,Nehemiah,Eslie,nesliejj@nymag.com,68121 7th Alley,,20067
705,Bud,Petto,,2671 Fisk Plaza,,39534
706,Davide,MacPaden,dmacpadenjl@furl.net,69 Quincy Lane,,79182
707,Archy,Anstead,,53672 Pennsylvania Crossing,,11447
708,Kellen,Narducci,knarduccijn@flickr.com,288 Heath Terrace,,10099
709,Kacey,Capeling,kcapelingjo@hao123.com,8 Morning Center,,26505
710,Izabel,Monks,imonksjp@parallels.com,680 Butterfield Park,,67215
711,Tybie,Woodruffe,twoodruffejq@businesswire.com,805 Petterle Park,1952-08-13,40266
712,Frasquito,Greenslade,fgreensladejr@nature.com,41854 Merchant Way,,99215
713,Latrina,Panting,lpantingjs@pbs.org,86379 Golf View Pass,1960-03-26,37215
714,Kalli,Ghidini,kghidinijt@4shared.com,9 Merrick Court,1992-01-28,17140
715,Karin,Meugens,,4309 Jackson Point,,59112
716,Nathaniel,Gooderidge,ngooderidgejv@nba.com,86215 Truax Point,,93407
717,Devonne,Tether,,4599 Holmberg Place,,40586
718,Bamby,Keepe,bkeepejx@webnode.com,303 Lillian Trail,,45999
719,Wyatan,Walcher,,0 Heath Street,1952-09-15,87592
720,Doll,Philippou,dphilippoujz@bluehost.com,03 Sloan Street,1961-02-20,89110
721,Seymour,Cure,scurek0@cnn.com,72 Fordem Drive,1960-03-01,48930
722,Rani,Morcom,rmorcomk1@google.pl,587 Prentice Park,1960-02-04,89036
723,Mace,Genders,,08784 Amoth Park,,78210
724,Verne,Ramsdale,vramsdalek3@un.org,9442 Center Parkway,,92121
725,Olva,MacGeaney,omacgeaneyk4@yale.edu,96705 Barby Pass,,85705
726,Nat,Dressell,ndressellk5@github.com,1862 Sommers Junction,,44329
727,Terrie,Matveyev,tmatveyevk6@webmd.com,5 Dexter Pass,1988-08-26,89115
728,Jehanna,Zeplin,,68 Lighthouse Bay Center,,79934
729,Chad,Gerrietz,cgerrietzk8@tinyurl.com,21 Oak Court,,92805
730,Agnella,Buzin,abuzink9@samsung.com,0 Rowland Place,,29805
731,Radcliffe,Towll,rtowllka@ucoz.ru,237 2nd Road,,79405
732,Gwyn,Burd,gburdkb@constantcontact.com,0501 6th Plaza,,214
733,Chanda,Griffin,cgriffinkc@themeforest.net,888 Dennis Avenue,1962-12-22,96835
734,Archibold,McKinie,amckiniekd@csmonitor.com,4 Arkansas Park,1962-08-04,20404
735,Quincey,D'Ugo,qdugoke@netlog.com,808 Twin Pines Avenue,1960-03-11,63116
736,Derby,Cattlow,dcattlowkf@alibaba.com,451 Stang Point,,45249
737,Deirdre,Diament,,04964 Hudson Crossing,,93150
738,Brose,Nouch,bnouchkh@bing.com,838 Marcy Center,,39210
739,Coriss,Mish,cmishki@unblog.fr,5025 Sherman Terrace,1948-11-06,27705
740,Abramo,Hold,aholdkj@dropbox.com,22 Nobel Hill,1997-03-12,80638
741,Codie,Bolletti,cbollettikk@unesco.org,41560 Sauthoff Road,,92645
742,Scottie,Cobbled,scobbledkl@addtoany.com,3 Mayer Parkway,,93709
743,Henryetta,Dalgetty,hdalgettykm@altervista.org,68580 Oakridge Way,1993-11-25,44485
744,Bobette,Torbard,btorbardkn@lulu.com,98 Marquette Park,1946-01-23,94207
745,Zachary,Lievesley,zlievesleyko@bloglovin.com,0866 Loomis Court,1961-11-01,91199
746,Brent,Laxe,blaxekp@omniture.com,7768 Washington Court,1984-01-20,32405
747,Leena,Alred,lalredkq@nps.gov,98 Dorton Pass,,31998
748,Pru,Victoria,pvictoriakr@nyu.edu,1436 Grim Plaza,1992-07-30,78240
749,Shani,Greenway,sgreenwayks@sciencedaily.com,4 Schiller Avenue,1994-08-17,45403
750,Graig,Lerhinan,glerhinankt@gov.uk,86871 Ronald Regan Place,,45999
751,Townie,Seakes,,6 Evergreen Street,1957-02-26,98195
752,Neddy,Harp,nharpkv@google.pl,292 Golden Leaf Parkway,1973-08-13,81010
753,Saleem,Keese,skeesekw@stanford.edu,0 Dryden Lane,1962-11-28,20409
754,Sigfrid,Cicci,sciccikx@unblog.fr,4 Sunfield Pass,1978-02-21,7522
755,Shanta,Woodworth,swoodworthky@unicef.org,5 Sachtjen Park,,68531
756,Boot,Ebbrell,,07843 Service Hill,1985-08-07,60208
757,Mendy,Skilbeck,mskilbeckl0@diigo.com,276 Mendota Trail,,22093
758,Carroll,McAlpin,cmcalpinl1@ucla.edu,10920 Glacier Hill Circle,,94605
759,Fanchette,Klimontovich,fklimontovichl2@vimeo.com,27 Sunfield Junction,,62525
760,Arlen,Iskow,aiskowl3@sitemeter.com,39 Larry Trail,1978-12-17,20409
761,Glynn,Aleso,galesol4@php.net,96 Sloan Lane,1942-08-07,34629
762,Asher,Tenbrug,atenbrugl5@miibeian.gov.cn,3 Northwestern Place,1978-01-11,10125
763,Riki,Moorrud,rmoorrudl6@businessinsider.com,96641 Paget Circle,1996-05-16,20591
764,Archibold,McElvine,amcelvinel7@trellian.com,591 Parkside Hill,1952-10-24,64142
765,Edsel,Blythin,eblythinl8@linkedin.com,7733 Talisman Road,1974-10-31,87110
766,Elizabet,Pither,epitherl9@hugedomains.com,071 Oxford Way,1971-10-12,15215
767,Burg,Beat,bbeatla@themeforest.net,78 Morningstar Park,,7505
768,Charyl,Yitzhakof,cyitzhakoflb@jugem.jp,12 Corry Point,1963-08-14,66205
769,Janaya,Deavall,jdeavalllc@yale.edu,22425 Towne Alley,1979-12-17,8650
770,Antonia,Robjents,arobjentsld@skyrock.com,6 Doe Crossing Place,1997-07-08,85030
771,L;urette,Le Leu,lleleule@kickstarter.com,364 Brown Avenue,1999-05-16,79188
772,Petey,Rosgen,prosgenlf@xing.com,6 Pankratz Park,1982-10-13,92505
773,Kendal,Zmitrovich,kzmitrovichlg@google.nl,7530 Sachtjen Drive,1995-12-09,60652
774,Dasha,Fettes,dfetteslh@springer.com,5767 Stuart Street,1992-07-13,78783
775,June,Gambrell,jgambrellli@ca.gov,32 Eagan Avenue,1961-02-05,94522
776,Florance,Lampard,flampardlj@walmart.com,5 Hanover Way,,22225
777,Shantee,Press,spresslk@bandcamp.com,122 Lindbergh Junction,1990-12-15,95828
778,Drucill,Doonican,ddoonicanll@gnu.org,591 Sommers Park,,6538
779,Ethelind,Dennick,edennicklm@usnews.com,8 Independence Point,1992-07-23,18105
780,Bentlee,Alford,balfordln@delicious.com,2 New Castle Hill,1973-04-19,35225
781,Nell,Kettow,nkettowlo@ow.ly,5820 1st Point,1973-06-27,17126
782,Artemus,Lobb,alobblp@netvibes.com,48361 Eastlawn Avenue,,10029
783,Amabelle,Kliche,aklichelq@who.int,58 Cascade Street,,11436
784,Marti,Kunzelmann,mkunzelmannlr@amazon.co.jp,96073 Annamark Crossing,1990-06-28,85754
785,Gabriello,Speaks,gspeaksls@mail.ru,97762 Esch Crossing,,90810
786,Alika,Ovett,aovettlt@techcrunch.com,8 Dennis Plaza,,7195
787,Delilah,Himsworth,dhimsworthlu@bigcartel.com,63347 Judy Plaza,,34643
788,Milicent,Abrami,mabramilv@omniture.com,68043 Chinook Way,1994-02-20,93407
789,Nevin,Redparth,nredparthlw@ovh.net,44 Dakota Street,,37924
790,Ritchie,Anfusso,ranfussolx@mapy.cz,054 Annamark Way,,65898
791,Leonore,Marden,lmardenly@clickbank.net,5 Meadow Valley Park,,87592
792,Pierson,Nourse,pnourselz@cisco.com,90 Mcbride Park,,45426
793,Maureene,Moorcroft,mmoorcroftm0@walmart.com,0 Forest Avenue,,30306
794,Edwina,Stables,establesm1@narod.ru,417 Amoth Junction,,62776
795,Erv,Matthaus,ematthausm2@4shared.com,46 Hayes Pass,1962-04-18,85705
796,Junette,Foxten,jfoxtenm3@amazon.co.jp,97552 Vidon Drive,,73109
797,Martelle,Creber,mcreberm4@google.co.jp,90 8th Terrace,,95064
798,Dalia,Pollastro,dpollastrom5@friendfeed.com,055 Coolidge Way,1957-04-21,80270
799,Douglass,Gabbot,dgabbotm6@wikia.com,3 Memorial Way,1966-12-15,60652
800,Kaila,Hulatt,khulattm7@mozilla.org,67289 Leroy Alley,,32868
801,Major,Ironside,mironsidem8@mashable.com,96 Anthes Alley,1999-03-02,93721
802,Ado,Twentyman,atwentymanm9@woothemes.com,26 Jenifer Crossing,,95833
803,Margot,Bickerstaff,mbickerstaffma@go.com,07086 Judy Center,1958-09-12,77035
804,Keriann,Dumbrill,kdumbrillmb@irs.gov,08 Cambridge Park,1984-11-19,94616
805,Denis,Flood,dfloodmc@comsenz.com,394 School Alley,1964-06-11,29615
806,Galen,Verillo,gverillomd@about.com,68866 Lotheville Point,,22096
807,Georgetta,Dracksford,gdracksfordme@apple.com,4 7th Road,,18514
808,Halimeda,Shurlock,hshurlockmf@uiuc.edu,2407 Kingsford Alley,1972-12-28,32595
809,Enrica,Matton,emattonmg@mozilla.org,81728 Lerdahl Court,1943-05-31,79491
810,Tony,Willacot,twillacotmh@bluehost.com,77 Mayer Way,1970-08-30,33673
811,Thibaud,Huot,thuotmi@flavors.me,36403 Parkside Plaza,1993-09-26,71213
812,Emilia,Allsup,eallsupmj@drupal.org,4464 Westridge Way,,40581
813,Harmon,Gabites,hgabitesmk@shop-pro.jp,72 Everett Drive,,33305
814,Hilary,Bunn,hbunnml@google.com.au,24510 Hallows Pass,1951-09-25,79916
815,Tanhya,Orton,tortonmm@addthis.com,6 Lukken Street,1984-02-19,89120
816,Siusan,Oxberry,soxberrymn@slate.com,84203 Melvin Plaza,1946-06-20,35405
817,Trixi,Russi,trussimo@imageshack.us,60984 Clarendon Street,1978-03-18,95973
818,Tabbi,Vanshin,tvanshinmp@ucoz.com,56 Stang Drive,1980-11-18,25775
819,Lionello,Plumstead,lplumsteadmq@typepad.com,66962 Cordelia Parkway,1975-04-10,49018
820,Chrissie,Fayerbrother,cfayerbrothermr@paginegialle.it,86 Waxwing Avenue,,78215
821,Olivier,Winspar,owinsparms@bluehost.com,136 7th Road,,37210
822,Gelya,Shorey,gshoreymt@apache.org,78386 Dovetail Court,1975-09-09,10014
823,Becki,Krolle,bkrollemu@google.cn,7 Beilfuss Pass,1996-11-23,57105
824,Kaitlynn,Duthie,kduthiemv@skype.com,88 Scoville Avenue,1984-05-03,29411
825,Genia,Thomerson,gthomersonmw@skype.com,13 2nd Road,1991-06-19,20088
826,Dukey,Malenfant,dmalenfantmx@dropbox.com,892 Westerfield Plaza,1964-01-28,73129
827,Colas,Flacknoe,cflacknoemy@istockphoto.com,3 Prentice Plaza,1999-10-06,78225
828,Zacharia,Ilymanov,zilymanovmz@opensource.org,64 Del Sol Point,,91406
829,Yale,Stephens,ystephensn0@businessinsider.com,39 Rieder Road,1967-12-20,45505
830,Mort,Jeanenet,mjeanenetn1@github.io,839 Elka Street,,55579
831,Leonerd,Pargetter,lpargettern2@wisc.edu,985 Loeprich Court,1942-05-30,40210
832,Ginelle,Carek,,40493 Michigan Point,,92640
833,Cody,Peattie,cpeattien4@engadget.com,13 Ramsey Court,1949-09-16,99205
834,Murry,Jonk,mjonkn5@infoseek.co.jp,41 Fordem Road,1983-04-10,77554
835,Helaina,Richemont,hrichemontn6@blogs.com,862 David Street,1968-06-26,94137
836,Henrik,Caltun,hcaltunn7@mediafire.com,94723 Katie Park,,33405
837,Shay,Stiles,sstilesn8@tumblr.com,85 Sloan Point,1999-04-06,60686
838,Ali,Synder,,83 Spaight Parkway,1964-06-15,60691
839,Austine,Torfin,atorfinna@apache.org,150 Montana Trail,1950-04-10,75265
840,Gary,Lamey,glameynb@ovh.net,031 Graedel Place,1945-12-06,35895
841,Zena,Isaac,zisaacnc@who.int,9 American Ash Center,1980-07-31,30092
842,Art,Yitshak,,5 Bayside Road,1976-01-15,85005
843,Violante,Feldbau,vfeldbaune@simplemachines.org,36840 Sundown Junction,,22903
844,Priscella,Kits,pkitsnf@comsenz.com,0084 South Place,1943-04-10,33421
845,Quinn,Quarterman,qquartermanng@ocn.ne.jp,11761 Larry Junction,1951-10-06,64082
846,Gretel,Snassell,,5 Glendale Crossing,1989-02-13,66205
847,Hilarius,Winwright,hwinwrightni@who.int,47 Bartillon Hill,1961-12-26,10464
848,Faina,Van den Oord,fvandenoordnj@icq.com,6 Tomscot Park,,87110
849,Lynda,Syrett,lsyrettnk@phoca.cz,76 2nd Way,1980-12-09,78754
850,Phyllis,Wakelin,pwakelinnl@examiner.com,72155 Village Green Circle,1991-10-03,90189
851,Caresa,MacLleese,cmaclleesenm@chron.com,70852 Redwing Crossing,1961-08-07,50330
852,Madeline,Sigert,msigertnn@nationalgeographic.com,7869 Chinook Lane,,94121
853,Alexander,Stogill,astogillno@vkontakte.ru,804 Orin Drive,,32204
854,Hallsy,Drake,hdrakenp@si.edu,06481 Buell Way,1989-03-22,45254
855,Isacco,Ewer,iewernq@upenn.edu,601 Longview Trail,,98127
856,Christye,Bentick,cbenticknr@bandcamp.com,05448 Ridge Oak Terrace,1957-09-01,32225
857,Paloma,Dumbrall,pdumbrallns@nhs.uk,60795 Katie Street,,5609
858,Arda,Christofor,achristofornt@wix.com,098 American Alley,,45203
859,Marigold,Baum,mbaumnu@vinaora.com,597 Clyde Gallagher Place,1979-07-18,94405
860,Page,Battelle,pbattellenv@ovh.net,491 Hermina Drive,1965-02-24,78405
861,Verile,Palatini,vpalatininw@google.com.br,9 Marquette Terrace,1950-02-21,48242
862,Laurie,Quest,lquestnx@dot.gov,0098 Westridge Street,1958-06-24,64109
863,Horton,Deave,hdeaveny@github.io,2568 Namekagon Alley,1946-11-01,2203
864,Tiebout,Sabatier,tsabatiernz@cpanel.net,1429 Carioca Crossing,,53234
865,Anne-marie,Geldeford,ageldefordo0@freewebs.com,0 Canary Court,1998-04-12,95865
866,Herc,Palmar,hpalmaro1@51.la,8 Rigney Crossing,,21282
867,Tobe,Carnihan,tcarnihano2@canalblog.com,118 Lotheville Place,,77505
868,Solomon,McGregor,smcgregoro3@nps.gov,44 Manufacturers Crossing,,94137
869,Lindsey,Zmitrichenko,,33472 Prairieview Court,1950-06-25,85062
870,Sherwynd,Fretter,sfrettero5@craigslist.org,7391 Mccormick Place,,30316
871,Lek,Grindle,lgrindleo6@walmart.com,2 Northland Parkway,1966-07-05,75277
872,Edin,Bedo,,42 Clemons Trail,,70183
873,Fonsie,McVee,fmcveeo8@networkadvertising.org,560 Dexter Hill,,28215
874,Luciana,Darnbrough,,1 Merchant Pass,1968-01-03,20404
875,Cher,Boyet,cboyetoa@t-online.de,6 Meadow Vale Avenue,,95113
876,Joel,Iwanowicz,jiwanowiczob@stumbleupon.com,593 Autumn Leaf Road,1975-06-17,67215
877,Gregor,Castell,gcastelloc@guardian.co.uk,37638 Westerfield Court,1978-06-13,76110
878,Minne,Caroline,mcarolineod@patch.com,57196 Roxbury Pass,1947-04-29,33615
879,Arnuad,Barrett,abarrettoe@parallels.com,12 Golf Course Parkway,,23208
880,Sarge,Tolcher,stolcherof@tumblr.com,7065 Spenser Hill,,55103
881,Mikael,Ravelus,mravelusog@npr.org,7 Judy Plaza,1994-02-28,65898
882,Johannes,Spence,jspenceoh@timesonline.co.uk,70837 Vernon Lane,1965-02-15,10184
883,Bondie,Duffell,bduffelloi@princeton.edu,95 Starling Place,,68110
884,Rip,Vizor,rvizoroj@sina.com.cn,7875 Stephen Junction,,84170
885,Doloritas,Vian,dvianok@ed.gov,42 American Ash Lane,,14220
886,Sheppard,Shearsby,,22 Arrowood Center,1986-11-16,2283
887,Melita,Guinan,mguinanom@bing.com,4394 Eggendart Alley,1973-04-04,6140
888,Phaidra,Shackelton,pshackeltonon@smugmug.com,20941 Dexter Pass,1947-10-02,33325
889,Doralyn,Velez,,12349 Jana Plaza,1960-11-08,28230
890,Vanni,Hagger,vhaggerop@e-recht24.de,12 Shoshone Crossing,1999-10-12,68164
891,Shanan,Boothroyd,sboothroydoq@discuz.net,4114 Anthes Way,,79928
892,Lev,Ruddick,lruddickor@constantcontact.com,62 Sommers Circle,,20508
893,Dev,Merrigans,,180 Dexter Junction,1965-10-09,77806
894,Vin,Alejandro,,80810 Kenwood Plaza,1993-02-17,33315
895,Raddy,Doe,rdoeou@dmoz.org,5 Portage Street,,57193
896,Bettine,Jope,bjopeov@drupal.org,58 Lillian Street,,40250
897,Garland,Falconbridge,gfalconbridgeow@un.org,6741 American Terrace,1957-10-31,30358
898,Sauveur,Boich,sboichox@mayoclinic.com,2622 Texas Lane,1966-10-11,20551
899,Lorette,Kenninghan,lkenninghanoy@webmd.com,6 Eggendart Center,,91125
900,Lane,Hallaways,lhallawaysoz@google.cn,8753 Sage Avenue,,3804
901,Nial,Crasford,ncrasfordp0@xrea.com,2 Lakeland Parkway,1976-01-02,95397
902,Putnam,Lashbrook,plashbrookp1@nyu.edu,1 Fuller Court,,40225
903,Jerrilee,Gallymore,,66 Mosinee Avenue,,93311
904,Sam,Mion,smionp3@bandcamp.com,836 Express Lane,1992-01-22,91520
905,Whitney,Nelthrop,wnelthropp4@illinois.edu,10 Northridge Drive,1966-05-12,84140
906,Phillip,Rein,preinp5@desdev.cn,202 Fuller Pass,1954-04-29,10705
907,Johna,Jay,jjayp6@acquirethisname.com,7049 South Road,1981-05-30,85725
908,Rochester,Venning,rvenningp7@google.de,7 Rockefeller Circle,1990-03-21,73190
909,Myles,Oxx,moxxp8@ihg.com,77230 Browning Street,1992-06-04,32909
910,Carly,Tibbetts,ctibbettsp9@about.me,99 Service Road,,10280
911,Lazare,Jackalin,,30 Manufacturers Center,,80940
912,Catlaina,Earney,cearneypb@mozilla.com,006 Rieder Drive,1967-03-24,80249
913,Delcine,Edgler,,58 Anderson Pass,1943-07-31,78285
914,Abraham,Opy,,364 Valley Edge Terrace,1958-12-21,10160
915,Hercule,Round,,69 Esch Circle,1960-09-15,48224
916,Bernete,Janssen,bjanssenpf@loc.gov,70 Laurel Road,1947-04-26,85246
917,Melloney,Henzley,mhenzleypg@washington.edu,91 Hagan Center,,65805
918,Liesa,Rabidge,lrabidgeph@google.ca,0 Roth Place,1991-03-23,94042
919,Leon,Newlands,lnewlandspi@hibu.com,85 Acker Pass,1957-08-07,92191
920,Sandy,Vynarde,svynardepj@posterous.com,72652 Bunting Drive,1974-01-27,27150
921,Webb,Ybarra,wybarrapk@tripadvisor.com,4136 Mcbride Court,,36689
922,Jake,Eagleston,jeaglestonpl@myspace.com,60 Tomscot Parkway,1941-04-15,24503
923,Midge,Posner,mposnerpm@hc360.com,7735 Westend Point,,63131
924,Wainwright,Atwool,watwoolpn@hostgator.com,3463 Dennis Alley,,80255
925,Lorrie,Laidel,llaidelpo@china.com.cn,6541 Dexter Plaza,,43635
926,Daveen,Fisbey,dfisbeypp@multiply.com,79 Rieder Way,1984-03-01,31106
927,Addia,Paiton,apaitonpq@joomla.org,24036 Dawn Road,1948-02-02,33758
928,Jo,Lambrick,jlambrickpr@tinypic.com,36710 Grim Point,,83757
929,Carmella,Borton,cbortonps@blogs.com,356 Fisk Terrace,1946-04-23,31132
930,Freeman,Deboy,fdeboypt@a8.net,03 Rockefeller Park,1945-02-10,15235
931,Ajay,Taye,atayepu@hibu.com,40 Anzinger Hill,1950-05-18,44485
932,Ardene,Flicker,,781 Sachtjen Hill,1940-08-21,20540
933,Jana,McKeurtan,jmckeurtanpw@furl.net,7 Express Court,1953-09-27,77386
934,Tuck,Pleming,tplemingpx@yellowbook.com,39 8th Hill,,48206
935,Lilyan,Riche,lrichepy@delicious.com,4 Express Place,,46278
936,Roosevelt,Wogan,rwoganpz@umn.edu,2 Hoffman Junction,1973-02-05,19160
937,Fair,Hayes,,68233 Summit Way,,10175
938,Kathlin,Laxston,klaxstonq1@aboutads.info,383 Dunning Avenue,,85297
939,Dorey,Grigorian,dgrigorianq2@shinystat.com,6 Charing Cross Road,1992-04-27,85737
940,Ashli,Kerrod,akerrodq3@de.vu,8 Fisk Street,1963-01-20,85020
941,Georgie,Woodford,,89121 Knutson Terrace,,78703
942,Sherlocke,Balint,sbalintq5@live.com,7224 Pearson Circle,1965-05-27,36641
943,Tammara,Gynni,tgynniq6@vimeo.com,298 Pankratz Point,,33416
944,Amil,Del Monte,adelmonteq7@kickstarter.com,081 Comanche Point,1945-05-06,33355
945,Chaim,Stebbings,cstebbingsq8@cargocollective.com,4358 Crownhardt Park,1947-04-05,47905
946,Dinny,Matoshin,dmatoshinq9@github.io,6422 Melody Center,1984-05-03,92196
947,Hyacinthia,Tremathick,,10 Clove Road,1967-01-29,10175
948,Turner,Spaughton,tspaughtonqb@delicious.com,4787 Old Gate Hill,,36689
949,Dionysus,Ishak,dishakqc@gov.uk,4854 Continental Circle,1991-11-22,39204
950,Marinna,Greatreax,mgreatreaxqd@360.cn,24373 Evergreen Road,1947-01-21,76198
951,Nickolai,Adamovitch,nadamovitchqe@google.es,2 Hansons Terrace,1979-07-23,1610
952,Jecho,Toland,jtolandqf@myspace.com,990 Judy Plaza,,8695
953,Rad,Brignell,rbrignellqg@yelp.com,33666 Oriole Avenue,,89436
954,Jonis,Czaja,jczajaqh@cnbc.com,321 Leroy Hill,1960-07-05,33961
955,Danila,Geeves,,26386 Russell Parkway,,22119
956,Norean,Capron,ncapronqj@answers.com,18307 High Crossing Avenue,,48609
957,Florina,Melbert,fmelbertqk@dyndns.org,103 Bonner Terrace,1941-04-02,44305
958,Freda,Osmant,fosmantql@feedburner.com,0723 Elmside Hill,1999-04-23,85715
959,Beverley,Tomasoni,btomasoniqm@icq.com,54 Kim Point,1994-06-15,14614
960,Clarence,Corbet,,39 Schmedeman Way,1960-06-27,88574
961,Charo,Grimwood,cgrimwoodqo@twitpic.com,87 Pond Center,1947-10-21,54915
962,Wilhelmina,Fitzsymon,wfitzsymonqp@reuters.com,2 2nd Alley,,85210
963,Nert,Bradock,nbradockqq@admin.ch,7320 Maple Wood Crossing,1999-09-23,89036
964,Morgan,Bein,mbeinqr@sohu.com,16 Petterle Plaza,1990-03-15,63121
965,Matthaeus,Cestard,,16652 Novick Plaza,,10203
966,Rabi,Haresnaip,rharesnaipqt@elegantthemes.com,9746 Gale Hill,1985-12-13,92835
967,Kari,Seers,kseersqu@uol.com.br,576 Sherman Circle,1940-06-09,95405
968,Lian,Andover,landoverqv@nyu.edu,420 Schurz Parkway,,39305
969,Junette,Cawthry,,9807 Stephen Place,1972-12-05,25709
970,Alasteir,McIlhagga,amcilhaggaqx@flickr.com,1 Sutherland Alley,,97232
971,Fey,Burnhill,fburnhillqy@time.com,71 Vahlen Parkway,1946-04-13,24014
972,Clarabelle,Peron,cperonqz@gov.uk,2975 Leroy Place,,98481
973,Querida,Woan,qwoanr0@utexas.edu,30383 Hooker Point,1967-10-22,91186
974,Rozamond,MacCrann,rmaccrannr1@ebay.com,01303 Golf Court,1991-01-10,33906
975,Margarethe,Bercevelo,mbercevelor2@dagondesign.com,6 Sheridan Lane,1955-08-11,61605
976,Stefano,Levee,sleveer3@huffingtonpost.com,7 Arkansas Point,1948-06-27,40618
977,Regine,Glanester,rglanesterr4@elpais.com,59 Becker Plaza,,14276
978,Delila,Huzzey,dhuzzeyr5@surveymonkey.com,292 Kennedy Drive,1964-06-01,87121
979,Nikolai,Wolseley,,11 Almo Alley,,34620
980,Gale,Liveley,gliveleyr7@yellowpages.com,9958 Delaware Street,1997-11-19,11054
981,Findley,Oakwell,foakwellr8@exblog.jp,90090 Larry Circle,1986-03-08,7112
982,Cordy,Fyfield,cfyfieldr9@pcworld.com,266 Derek Point,,19160
983,Sapphire,Aspall,saspallra@cornell.edu,29475 Washington Street,,73190
984,Barri,Belle,bbellerb@nbcnews.com,727 Grayhawk Court,1944-11-07,71208
985,Susannah,Hoodless,shoodlessrc@about.me,6358 Warner Street,1954-10-02,33233
986,Tiphanie,Fuentez,tfuentezrd@gmpg.org,1943 Raven Place,,39204
987,Bernie,Joontjes,bjoontjesre@miibeian.gov.cn,60 Larry Point,,45440
988,Giulia,Viner,gvinerrf@google.co.uk,23012 Kensington Trail,1999-09-02,78726
989,Trixi,Pourvoieur,,3954 Stang Lane,1990-10-20,24034
990,Tully,Grelak,tgrelakrh@census.gov,0045 Transport Avenue,,72118
991,Keri,Sholl,kshollri@epa.gov,846 Pawling Junction,,83206
992,Hurlee,Arrighetti,harrighettirj@artisteer.com,711 Anhalt Trail,,75379
993,Winonah,Archibold,warchiboldrk@telegraph.co.uk,52 Derek Junction,1973-08-05,11220
994,Arny,Shalloo,ashalloorl@yandex.ru,40882 Toban Place,1941-07-20,48258
995,Jere,Tobin,jtobinrm@tinypic.com,713 Sauthoff Point,1955-08-27,10292
996,Karita,Ettels,kettelsrn@abc.net.au,12 Hayes Drive,1998-08-27,30066
997,Lucius,Cadwell,lcadwellro@furl.net,13022 Utah Place,1943-10-16,77343
998,Ives,Orht,iorhtrp@1und1.de,173 Norway Maple Circle,1979-07-31,70593
999,Lesya,Muat,lmuatrq@nbcnews.com,20446 Memorial Place,,92862
1000,Leisha,Pillington,lpillingtonrr@illinois.edu,63 Manitowish Pass,1955-04-13,10459
