id,firstName,lastName,email,address,city,state,zipCode,birthDate
1,Ellynn,Haack,ehaack0@hud.gov,914 Oxford Point,Reno,Nevada,89595,12/3/1998
2,Ruttger,Simonsson,rsimonsson1@google.pl,2298 Sundown Street,San Antonio,Texas,78245,2/19/1969
3,Renell,Bilson,rbilson2@tiny.cc,254 Fairfield Way,Dayton,Ohio,45432,8/29/1980
4,Rebeka,Hawksworth,rhawksworth3@bloomberg.com,67404 Corben Way,Baltimore,Maryland,21275,5/3/1976
5,Lily,Stede,lstede4@cdbaby.com,899 Jenna Junction,Richmond,Virginia,23203,4/4/1987
6,Clementius,Aggio,,7020 Rutledge Circle,Cincinnati,Ohio,45233,4/23/1979
7,Alain,Meaking,ameaking6@linkedin.com,24315 Columbus Park,Trenton,New Jersey,08650,12/14/1951
8,Alberto,Fagge,afagge7@usnews.com,1 Esker Pass,Memphis,Tennessee,38168,
9,Marguerite,Whitwam,,2975 Oneill Center,Columbia,South Carolina,29225,7/11/1974
10,Nikolai,Yurtsev,nyurtsev9@fotki.com,2544 Fisk Pass,Visalia,California,93291,
11,Marrilee,Turn,,31 Warrior Plaza,Lynn,Massachusetts,01905,9/29/1947
12,Jaquenetta,Dorkins,jdorkinsb@latimes.com,34883 Gateway Alley,Lima,Ohio,45807,
13,Lynna,Ellerey,lellereyc@free.fr,785 Declaration Place,Miami,Florida,33129,
14,Vivie,Newcombe,vnewcombed@weather.com,12 Armistice Trail,Sacramento,California,94280,
15,Rina,Schlag,rschlage@hexun.com,0988 Anzinger Pass,Pensacola,Florida,32520,11/1/1990
16,Dulsea,Gianasi,dgianasif@tiny.cc,3 Fairview Terrace,Anaheim,California,92825,3/26/1962
17,Dex,MacAllister,dmacallisterg@twitpic.com,451 Starling Street,Boulder,Colorado,80305,5/4/1996
18,Dermot,Vonderdell,dvonderdellh@java.com,76480 Northfield Place,Lynchburg,Virginia,24515,5/12/1978
19,Leon,Katzmann,lkatzmanni@nymag.com,2 Loeprich Court,Tucson,Arizona,85743,11/16/1987
20,Webb,Debill,wdebillj@cargocollective.com,836 Judy Center,Tempe,Arizona,85284,
21,Merrie,Jovicevic,mjovicevick@oaic.gov.au,33 Dorton Way,North Little Rock,Arkansas,72199,
22,Dalton,Lockart,dlockartl@trellian.com,85383 Schmedeman Park,Colorado Springs,Colorado,80930,
23,Lexis,Cordaroy,lcordaroym@fc2.com,1779 Graceland Terrace,Beaverton,Oregon,97075,10/14/1969
24,Zed,Eslemont,zeslemontn@hao123.com,46 Beilfuss Court,Washington,District of Columbia,20397,
25,Pascale,Mannin,pmannino@live.com,1779 Esker Terrace,Washington,District of Columbia,56944,3/10/1996
26,Wilton,Labrenz,wlabrenzp@discuz.net,45611 Lawn Road,El Paso,Texas,88589,
27,Elias,Vescovo,evescovoq@craigslist.org,781 Elka Drive,Los Angeles,California,90094,9/23/1995
28,Guinna,Creser,gcreserr@theguardian.com,68161 Sommers Way,Phoenix,Arizona,85005,
29,Hyacinthe,Arguile,harguiles@cbc.ca,474 North Crossing,Springfield,Illinois,62756,7/2/1969
30,Ryann,Openshaw,ropenshawt@miitbeian.gov.cn,2873 Thompson Lane,Pasadena,California,91103,
31,Nev,Lamberti,nlambertiu@cdbaby.com,8 Bluestem Center,West Palm Beach,Florida,33421,
32,Hattie,Anfonsi,hanfonsiv@pcworld.com,339 Knutson Terrace,Denver,Colorado,80291,9/5/1984
33,Kassie,MacTurlough,kmacturloughw@webnode.com,26 Stang Circle,Dallas,Texas,75392,3/21/1971
34,Prinz,McNiven,pmcnivenx@geocities.com,73048 Chinook Park,Albany,New York,12262,
35,Gregoire,Sainteau,gsainteauy@usatoday.com,64 Dorton Place,Arvada,Colorado,80005,
36,Sheba,Aronowicz,saronowiczz@java.com,8 Grover Place,Rochester,New York,14683,2/10/1947
37,Jose,Decent,jdecent10@auda.org.au,6 Oak Road,Terre Haute,Indiana,47812,1/2/1972
38,Cad,Drain,cdrain11@uiuc.edu,305 Ryan Trail,Jersey City,New Jersey,07310,4/18/1949
39,Marten,Cubbinelli,mcubbinelli12@unc.edu,18 Roth Way,Saint Louis,Missouri,63104,
40,Pren,Brighty,,4862 Grim Hill,Portland,Oregon,97271,11/15/1972
41,Ingaberg,Volk,ivolk14@miibeian.gov.cn,974 Prairie Rose Junction,Chicago,Illinois,60691,
42,Priscilla,Braizier,pbraizier15@domainmarket.com,6137 Roth Way,Arlington,Virginia,22234,1/28/1997
43,Loren,Sholl,,7 Talmadge Avenue,Tulsa,Oklahoma,74193,
44,Brig,Pengilly,bpengilly17@diigo.com,276 John Wall Circle,Macon,Georgia,31296,1/6/1986
45,Brooks,Few,,940 Commercial Junction,Boston,Massachusetts,02109,3/23/1943
46,Gram,Gehricke,ggehricke19@ifeng.com,9915 Burning Wood Way,Houston,Texas,77293,7/2/1985
47,Rudy,Mennithorp,rmennithorp1a@meetup.com,70546 Dixon Trail,Pinellas Park,Florida,34665,
48,Tyrus,Simmon,tsimmon1b@github.com,69 Mccormick Circle,Garden Grove,California,92844,8/14/1982
49,Wendell,Rabjohns,wrabjohns1c@skype.com,00 Crownhardt Avenue,Biloxi,Mississippi,39534,8/2/1962
50,Corissa,Simonard,csimonard1d@yolasite.com,15919 Killdeer Center,Colorado Springs,Colorado,80910,11/10/1942
51,Jim,Sondland,jsondland1e@pbs.org,66 Dapin Trail,Largo,Florida,34643,6/21/1954
52,Ximenez,Disman,xdisman1f@craigslist.org,28103 Montana Point,Fargo,North Dakota,58106,6/10/1979
53,Lewiss,Fincke,lfincke1g@quantcast.com,02 Becker Avenue,San Antonio,Texas,78225,12/14/1972
54,Ange,Bineham,abineham1h@techcrunch.com,0 Hintze Avenue,Tulsa,Oklahoma,74108,2/4/1969
55,Therese,Robberts,trobberts1i@technorati.com,22 Glendale Point,Evansville,Indiana,47737,
56,Cheryl,Vasyunichev,cvasyunichev1j@ca.gov,4 Marcy Way,Portland,Oregon,97255,
57,Ive,MacPaik,imacpaik1k@yellowpages.com,97 Briar Crest Alley,Houston,Texas,77218,
58,Ewan,Daggett,edaggett1l@youtube.com,17 Jana Alley,Athens,Georgia,30605,
59,Baudoin,Lansley,blansley1m@yandex.ru,65758 Summer Ridge Park,Tulsa,Oklahoma,74156,7/2/1957
60,Leoline,Please,lplease1n@wikimedia.org,88 Bunting Drive,Tacoma,Washington,98447,
61,Jaime,Baribal,jbaribal1o@archive.org,85 Jackson Way,Houston,Texas,77255,8/27/1996
62,Clarine,Wix,,5 Lerdahl Way,Bozeman,Montana,59771,
63,Delano,Flips,dflips1q@ehow.com,5375 Butternut Junction,Evansville,Indiana,47747,8/15/1967
64,Dev,Windley,dwindley1r@ucla.edu,8193 Sutteridge Parkway,Raleigh,North Carolina,27605,11/30/1958
65,Melicent,Trenoweth,mtrenoweth1s@go.com,8229 Eagle Crest Street,Miami,Florida,33233,8/7/1999
66,Myron,Stears,mstears1t@bizjournals.com,10 Express Crossing,Raleigh,North Carolina,27690,10/14/1970
67,Cherida,Baroux,,459 Mcbride Hill,Phoenix,Arizona,85030,5/11/1959
68,Ryun,Kelner,rkelner1v@networksolutions.com,822 Vernon Way,Phoenix,Arizona,85035,4/3/1963
69,Curry,Metzig,cmetzig1w@toplist.cz,720 Crescent Oaks Circle,Boca Raton,Florida,33432,
70,Jemmy,Cornely,jcornely1x@drupal.org,540 Rigney Parkway,Washington,District of Columbia,20580,10/27/1969
71,Ambros,Yeudall,ayeudall1y@topsy.com,77550 Sunnyside Pass,White Plains,New York,10606,7/15/1985
72,Cristine,Gingel,,65942 Nelson Park,Austin,Texas,78703,
73,Marcelline,Sams,msams20@surveymonkey.com,704 Bluestem Place,Bakersfield,California,93399,1/22/1944
74,Silvester,Northbridge,snorthbridge21@google.es,89994 Pine View Street,Mobile,Alabama,36641,6/23/1949
75,Kerr,Binder,kbinder22@mapy.cz,6 Reindahl Hill,Jacksonville,Florida,32255,2/17/1984
76,Lindsy,Bielby,lbielby23@pagesperso-orange.fr,589 Meadow Vale Circle,Little Rock,Arkansas,72222,2/4/1973
77,Tucker,Merlin,tmerlin24@addtoany.com,1 Nevada Plaza,Valley Forge,Pennsylvania,19495,4/15/1948
78,Faydra,MacGilfoyle,fmacgilfoyle25@usnews.com,2273 Tennyson Trail,Seattle,Washington,98195,6/28/1992
79,Raquela,Claringbold,rclaringbold26@upenn.edu,46 Memorial Plaza,Ocala,Florida,34474,5/5/1981
80,Sibyl,Gothard,sgothard27@fda.gov,00 Rieder Crossing,Pensacola,Florida,32526,7/21/1963
81,Holden,Filippi,hfilippi28@macromedia.com,001 3rd Center,Jacksonville,Florida,32230,
82,Gilbertine,Phythian,gphythian29@simplemachines.org,040 Almo Crossing,Pittsburgh,Pennsylvania,15261,
83,Dee dee,Roz,droz2a@skype.com,3 Ohio Drive,Columbus,Ohio,43231,11/24/1999
84,Mandi,Francescone,mfrancescone2b@liveinternet.ru,01 Evergreen Hill,Saint Joseph,Missouri,64504,3/21/1941
85,Jozef,Manuelli,jmanuelli2c@newsvine.com,61 Kim Drive,Springfield,Illinois,62718,1/16/1953
86,Kizzie,Klisch,kklisch2d@cloudflare.com,189 Center Junction,Amarillo,Texas,79118,
87,Welch,Evenden,wevenden2e@lycos.com,796 Burning Wood Drive,Bakersfield,California,93386,
88,Josy,Priestland,jpriestland2f@clickbank.net,690 Prairieview Drive,Asheville,North Carolina,28805,12/21/1994
89,Biron,Hamer,bhamer2g@liveinternet.ru,1757 Johnson Place,Chula Vista,California,91913,5/24/1960
90,Thalia,Itzcovichch,titzcovichch2h@blogger.com,60736 Dakota Terrace,Kansas City,Missouri,64142,
91,Merrill,Adicot,madicot2i@china.com.cn,050 Carpenter Alley,Washington,District of Columbia,20010,4/17/1955
92,Misha,Smalman,msmalman2j@google.co.jp,9143 Nancy Point,El Paso,Texas,88589,6/4/1952
93,Charline,Asbery,,653 Muir Parkway,Boise,Idaho,83705,
94,Lindsey,Baskwell,lbaskwell2l@msu.edu,552 Cardinal Lane,Denver,Colorado,80243,8/13/1946
95,Maximo,Cody,mcody2m@wikia.com,349 Blaine Lane,Alexandria,Virginia,22309,6/24/1967
96,Val,Omand,vomand2n@si.edu,45353 Hallows Hill,Fresno,California,93786,12/24/1962
97,Gena,Rayman,grayman2o@usnews.com,37 Arizona Center,Minneapolis,Minnesota,55417,4/30/1951
98,Marti,Cuff,mcuff2p@issuu.com,13 Moulton Place,Maple Plain,Minnesota,55579,
99,Jasmine,Skyrme,jskyrme2q@icio.us,8 Ramsey Avenue,Albany,New York,12262,3/12/1998
100,Imojean,Dincey,idincey2r@rediff.com,3743 Sheridan Terrace,Washington,District of Columbia,20580,
101,Kipp,Gudgion,kgudgion2s@bloomberg.com,7 Butternut Terrace,Atlanta,Georgia,30358,5/28/1970
102,Dedie,Gabbot,dgabbot2t@naver.com,62013 Eggendart Street,Fort Lauderdale,Florida,33320,3/25/1973
103,Liane,Lys,llys2u@studiopress.com,9 Lukken Road,Dallas,Texas,75287,
104,Fannie,Scown,fscown2v@loc.gov,4 Shoshone Crossing,Fairfield,Connecticut,06825,
105,Paloma,Fittall,pfittall2w@shareasale.com,3966 Havey Hill,Omaha,Nebraska,68144,9/21/1995
106,Herb,Mungham,hmungham2x@elpais.com,625 Monica Crossing,Syracuse,New York,13224,
107,Robinet,Westell,rwestell2y@amazon.com,86871 Granby Center,Roanoke,Virginia,24014,8/15/1980
108,Ty,Diggins,,0283 Pleasure Park,Beaverton,Oregon,97075,12/28/1953
109,Aksel,Peddie,apeddie30@springer.com,44468 1st Junction,Huntington,West Virginia,25711,
110,Costa,Conant,cconant31@dropbox.com,59092 Acker Avenue,Fargo,North Dakota,58122,
111,Dorelia,Hadland,dhadland32@wiley.com,2 Atwood Hill,Philadelphia,Pennsylvania,19115,2/28/1984
112,Ewell,Collier,ecollier33@tripod.com,8 Fair Oaks Crossing,Washington,District of Columbia,20337,10/24/1961
113,Duffy,Delagua,ddelagua34@ox.ac.uk,508 Bultman Plaza,Tyler,Texas,75799,7/5/1948
114,Zsa zsa,Winckle,zwinckle35@noaa.gov,7 Old Gate Trail,Phoenix,Arizona,85067,
115,Ellynn,Leindecker,eleindecker36@icio.us,8171 Mayfield Alley,Mobile,Alabama,36670,
116,Filippa,Lochrie,flochrie37@devhub.com,2359 Corben Crossing,Suffolk,Virginia,23436,6/23/1947
117,Edouard,Copins,ecopins38@illinois.edu,930 Kedzie Street,Torrance,California,90505,5/22/1981
118,Dehlia,Braz,dbraz39@fema.gov,48 Hayes Point,Memphis,Tennessee,38168,2/16/1991
119,Mame,People,mpeople3a@miibeian.gov.cn,33 Oxford Plaza,Syracuse,New York,13205,
120,Claudetta,Quelch,cquelch3b@ustream.tv,2 Crowley Park,Rochester,New York,14609,
121,Stephan,Crust,,208 West Street,Champaign,Illinois,61825,5/7/1944
122,Arch,Wintour,awintour3d@multiply.com,367 Sugar Hill,Bakersfield,California,93386,
123,Marieann,Delue,,39187 Karstens Drive,Roanoke,Virginia,24020,3/28/1947
124,Lorrie,Glavin,lglavin3f@columbia.edu,46768 Kennedy Court,Shawnee Mission,Kansas,66210,6/7/1981
125,Alfi,Bradie,abradie3g@pen.io,896 Haas Junction,Minneapolis,Minnesota,55448,
126,Laura,Gorghetto,lgorghetto3h@virginia.edu,430 Corry Avenue,Erie,Pennsylvania,16534,12/15/1955
127,Micky,Loeber,mloeber3i@latimes.com,811 Milwaukee Crossing,Hartford,Connecticut,06140,12/19/1957
128,Gay,Doig,gdoig3j@4shared.com,882 Green Ridge Lane,Corpus Christi,Texas,78426,3/18/1995
129,Patin,Beverage,pbeverage3k@sphinn.com,90202 Claremont Drive,Houston,Texas,77005,8/2/1983
130,Andrey,Rofe,arofe3l@pagesperso-orange.fr,7 Upham Center,Los Angeles,California,90035,4/29/1949
131,Max,Martinolli,mmartinolli3m@scientificamerican.com,51399 Mandrake Place,Anchorage,Alaska,99512,1/9/1971
132,Timothee,Rive,trive3n@phpbb.com,81 Towne Pass,Phoenix,Arizona,85020,
133,Desmond,Leyband,,4 Sunfield Street,Lynchburg,Virginia,24503,4/23/1980
134,Nehemiah,Battleson,nbattleson3p@cyberchimps.com,69596 Forster Parkway,Washington,District of Columbia,20062,
135,Lissi,Dulwich,,32 Sunfield Place,San Francisco,California,94177,6/18/1997
136,Lanie,Bristoe,lbristoe3r@japanpost.jp,12 Calypso Crossing,Canton,Ohio,44710,
137,Kassie,Mowen,kmowen3s@fc2.com,9526 Grover Crossing,Montgomery,Alabama,36177,
138,Averil,Baynard,abaynard3t@mashable.com,9 Magdeline Circle,Houston,Texas,77065,2/3/1968
139,Elisabeth,Goodrich,,9234 Hoffman Lane,New Orleans,Louisiana,70179,4/9/1962
140,Cindy,Ben-Aharon,cbenaharon3v@naver.com,472 Mendota Street,Sarasota,Florida,34276,11/26/1995
141,Elita,Forst,,367 Forest Park,Oakland,California,94616,1/28/1984
142,Rivkah,Verdey,rverdey3x@shareasale.com,6 Sunnyside Pass,Seattle,Washington,98175,5/3/1998
143,Shaylynn,Kubasiewicz,,579 Surrey Circle,Syracuse,New York,13251,5/7/1992
144,Desiri,Pagin,dpagin3z@independent.co.uk,6148 Mosinee Circle,Waltham,Massachusetts,02453,6/13/1995
145,Tate,McNally,,5 Hallows Crossing,Cambridge,Massachusetts,02142,5/23/1951
146,Inness,Blackburn,iblackburn41@timesonline.co.uk,415 Waubesa Street,Saint Paul,Minnesota,55114,12/15/1958
147,Lodovico,Phipson,lphipson42@cnbc.com,084 Cherokee Parkway,Virginia Beach,Virginia,23459,6/18/1979
148,Chrysler,Dreigher,,4 Barnett Park,Fresno,California,93786,2/23/1957
149,Silvie,Billingsley,sbillingsley44@tinypic.com,140 Dwight Avenue,Huntsville,Alabama,35810,
150,Monty,Laboune,mlaboune45@cnbc.com,92551 Dryden Street,Huntsville,Alabama,35810,10/15/1984
151,Maggee,Billingham,mbillingham46@nature.com,52395 International Crossing,Norfolk,Virginia,23551,
152,Conchita,Bennet,cbennet47@deliciousdays.com,69 Ridgeway Place,Roanoke,Virginia,24014,1/3/1975
153,Fletch,Chancellor,fchancellor48@economist.com,23120 Onsgard Road,Springfield,Missouri,65898,6/11/1969
154,Netti,Tour,,24180 Prairieview Road,Boston,Massachusetts,02216,
155,Ephraim,Tremble,etremble4a@meetup.com,4 Mayfield Crossing,Miami,Florida,33196,5/6/1947
156,Gunner,Grevile,ggrevile4b@huffingtonpost.com,57604 Kingsford Terrace,Houston,Texas,77045,
157,Lexi,Chung,lchung4c@google.com.hk,3712 Ridge Oak Circle,Springfield,Illinois,62764,5/29/1977
158,Brod,Tilbury,,31 7th Hill,Savannah,Georgia,31405,10/14/1954
159,Paxton,Gianuzzi,pgianuzzi4e@ted.com,53673 Springs Court,Detroit,Michigan,48211,2/19/1994
160,Deerdre,Wordsworth,,6 Elgar Junction,Columbia,South Carolina,29203,2/20/1993
161,Anthia,Acory,aacory4g@psu.edu,49 Lien Court,Evanston,Illinois,60208,4/26/1940
162,Jenine,Redemile,jredemile4h@newyorker.com,603 Leroy Crossing,Winston Salem,North Carolina,27105,
163,Fonz,Wycliffe,fwycliffe4i@icio.us,5 Kinsman Center,Springfield,Virginia,22156,7/21/1961
164,Joane,Hobgen,jhobgen4j@google.pl,2 Luster Trail,Seattle,Washington,98195,11/21/1977
165,Anneliese,Paulsson,apaulsson4k@addthis.com,6221 Dwight Pass,San Angelo,Texas,76905,8/13/1963
166,Arlette,Brooksbie,abrooksbie4l@opensource.org,5 Ruskin Junction,Denton,Texas,76210,
167,Morgan,Del Checolo,mdelchecolo4m@reverbnation.com,402 Fieldstone Hill,Macon,Georgia,31210,12/10/1997
168,Gonzalo,Neller,gneller4n@europa.eu,7 Delladonna Place,Iowa City,Iowa,52245,1/28/1976
169,Koressa,Ginsie,kginsie4o@bloglovin.com,4 Stephen Parkway,Cedar Rapids,Iowa,52410,
170,Catherine,Senechell,csenechell4p@techcrunch.com,657 Algoma Point,Raleigh,North Carolina,27626,11/10/1966
171,Elton,Baseke,ebaseke4q@drupal.org,46713 Dayton Place,Cambridge,Massachusetts,02142,7/6/1979
172,Leah,Braune,lbraune4r@hhs.gov,7076 Sutherland Way,Las Vegas,Nevada,89105,11/9/1965
173,Lanni,Babon,lbabon4s@nbcnews.com,6 Dovetail Road,Irvine,California,92612,
174,Peadar,Philippson,pphilippson4t@sina.com.cn,40531 Debra Crossing,Anderson,Indiana,46015,10/18/1982
175,Alia,Ferns,aferns4u@army.mil,0806 Mifflin Circle,Pasadena,California,91125,11/14/1976
176,Quintilla,Clout,qclout4v@chron.com,95838 Twin Pines Pass,Columbia,South Carolina,29220,3/3/1946
177,Bianca,Salaman,bsalaman4w@netlog.com,20 Stuart Place,Saint Paul,Minnesota,55115,
178,Gail,Gronowe,ggronowe4x@slashdot.org,7635 Clyde Gallagher Drive,Greensboro,North Carolina,27425,8/17/1956
179,Wilmette,Lumpkin,wlumpkin4y@surveymonkey.com,3 Michigan Court,Des Moines,Iowa,50315,2/16/1947
180,Margalo,Bodker,mbodker4z@yahoo.com,3 Arapahoe Trail,Boise,Idaho,83711,8/23/1946
181,Keene,Sphinxe,ksphinxe50@amazon.com,6 Express Parkway,Jackson,Mississippi,39296,
182,Neddy,Niemetz,nniemetz51@illinois.edu,3219 Messerschmidt Street,Atlanta,Georgia,31132,12/20/1959
183,Erl,Allport,eallport52@creativecommons.org,9 Reindahl Road,Katy,Texas,77493,
184,Carey,Cracie,,64 Oxford Crossing,Saint Paul,Minnesota,55146,7/5/1974
185,Danie,Heikkinen,dheikkinen54@noaa.gov,5595 Haas Place,Fort Worth,Texas,76198,12/8/1956
186,Valaria,Tichner,vtichner55@clickbank.net,461 Manley Way,Charlottesville,Virginia,22903,5/21/1994
187,Becky,Jossel,bjossel56@ucoz.com,836 Schiller Center,Sioux Falls,South Dakota,57105,4/22/1960
188,Georgia,Bussetti,gbussetti57@upenn.edu,869 Nelson Parkway,Bloomington,Illinois,61709,10/6/1959
189,Yehudit,Fewell,yfewell58@nature.com,571 Bluejay Court,Chicago,Illinois,60641,
190,Filmer,Chaplin,fchaplin59@163.com,046 Hazelcrest Lane,Rochester,New York,14639,2/4/1986
191,Merwyn,Toppes,mtoppes5a@elegantthemes.com,0 8th Center,Gary,Indiana,46406,4/7/1982
192,Carter,Landrieu,,9 Becker Park,Tallahassee,Florida,32309,12/22/1943
193,Sharleen,Phinn,sphinn5c@adobe.com,5162 Maywood Crossing,Oklahoma City,Oklahoma,73173,
194,Else,Scohier,escohier5d@wikimedia.org,455 Blue Bill Park Park,Anderson,South Carolina,29625,
195,Korney,Try,,2651 Anthes Lane,Houston,Texas,77240,3/4/1942
196,Berti,Vondra,bvondra5f@wikispaces.com,2 6th Circle,Fort Wayne,Indiana,46857,
197,Bria,Wickett,bwickett5g@macromedia.com,94 Sugar Place,Lansing,Michigan,48956,3/2/1980
198,Lamont,Allkins,lallkins5h@mozilla.org,371 Warner Junction,Amarillo,Texas,79165,
199,Lacey,Fitzharris,lfitzharris5i@t-online.de,3275 Cherokee Pass,Charlotte,North Carolina,28225,
200,Maren,Lundie,mlundie5j@ning.com,61783 Kinsman Lane,Norfolk,Virginia,23509,
201,Rosella,Bewicke,rbewicke5k@indiegogo.com,55021 Sloan Parkway,New Orleans,Louisiana,70116,
202,Cullin,Sedman,csedman5l@techcrunch.com,5146 Killdeer Way,Dallas,Texas,75251,2/5/1982
203,Staffard,Scalera,,55729 Maple Wood Alley,Gaithersburg,Maryland,20883,1/6/1968
204,Natal,Lidstone,nlidstone5n@odnoklassniki.ru,3 Golden Leaf Crossing,Oklahoma City,Oklahoma,73197,
205,Isidoro,Wittleton,iwittleton5o@yellowbook.com,63 Dixon Park,Lehigh Acres,Florida,33972,9/11/1977
206,Laurel,Henriksson,lhenriksson5p@wired.com,2371 Goodland Center,Bethesda,Maryland,20816,
207,Lexie,Piddocke,lpiddocke5q@tuttocitta.it,3 East Park,Bismarck,North Dakota,58505,4/18/1960
208,Angie,Pawlick,apawlick5r@economist.com,9638 Stoughton Center,Colorado Springs,Colorado,80951,5/17/1962
209,Duffy,Gales,dgales5s@tamu.edu,5202 Lakewood Gardens Terrace,Hampton,Virginia,23663,4/27/1944
210,Ronni,Pizzie,rpizzie5t@shutterfly.com,8 Drewry Road,Silver Spring,Maryland,20904,11/13/1947
211,Cherise,Dever,,25 Ronald Regan Park,Saint Paul,Minnesota,55172,6/19/1945
212,Sascha,Lavis,slavis5v@paginegialle.it,5887 Cardinal Trail,Orlando,Florida,32885,2/9/1963
213,Norby,Batham,nbatham5w@msu.edu,1114 Division Court,Kansas City,Missouri,64125,
214,Herve,Wozencroft,hwozencroft5x@wikia.com,45606 Monument Terrace,Brooklyn,New York,11205,9/1/1973
215,Ber,Jerrans,,15686 Bartillon Place,South Bend,Indiana,46699,9/2/1981
216,Beverley,Ceely,bceely5z@salon.com,190 Schmedeman Pass,Fresno,California,93704,11/11/1982
217,Donnie,Augustin,daugustin60@goo.gl,82 Rigney Circle,Seattle,Washington,98148,5/25/1969
218,Karyn,Campey,kcampey61@disqus.com,1 Florence Lane,Chico,California,95973,5/4/1968
219,Dena,Pellissier,,84453 Summerview Alley,Rockford,Illinois,61110,4/30/1976
220,Caitlin,Berthod,cberthod63@shop-pro.jp,022 Glendale Street,Kansas City,Missouri,64136,1/8/1991
221,Erastus,Bousquet,ebousquet64@guardian.co.uk,1491 Tennyson Park,Frankfort,Kentucky,40618,7/22/1953
222,Worden,Mozzini,wmozzini65@linkedin.com,31 Portage Way,Pensacola,Florida,32526,
223,Wilow,Clemetts,wclemetts66@jugem.jp,76875 Doe Crossing Court,Newark,New Jersey,07104,
224,Reeva,Ipsgrave,ripsgrave67@paypal.com,89 Hovde Avenue,New York City,New York,10184,
225,Gray,Eliaz,geliaz68@cbslocal.com,9298 Sauthoff Trail,Helena,Montana,59623,3/10/1976
226,Che,Heppner,cheppner69@sitemeter.com,38826 Kedzie Alley,Dallas,Texas,75236,
227,Broddie,Clayborn,bclayborn6a@youtu.be,9607 Reindahl Street,Milwaukee,Wisconsin,53215,5/11/1945
228,Wally,Schoales,wschoales6b@blogs.com,92 Service Terrace,Paterson,New Jersey,07505,12/19/1955
229,Margarete,Diggar,mdiggar6c@hatena.ne.jp,06317 Oneill Road,Sacramento,California,95894,3/2/1955
230,Olympe,Maslen,omaslen6d@wp.com,0 Cherokee Plaza,Pittsburgh,Pennsylvania,15279,
231,Cordula,Camps,ccamps6e@yahoo.co.jp,87 Waxwing Junction,Atlanta,Georgia,30392,7/14/1968
232,Maura,Halfpenny,mhalfpenny6f@hud.gov,50 Sommers Drive,Lawrenceville,Georgia,30045,4/26/1946
233,Toby,Billing,tbilling6g@yandex.ru,36775 Hayes Place,Huntsville,Texas,77343,8/19/1986
234,Andriette,Gorcke,agorcke6h@biblegateway.com,6 Parkside Avenue,Sarasota,Florida,34276,11/7/1959
235,Hilton,Reichert,hreichert6i@clickbank.net,2 Granby Pass,Corona,California,92878,8/6/1961
236,Jephthah,Faux,jfaux6j@oaic.gov.au,1 Farwell Plaza,South Lake Tahoe,California,96154,5/12/1958
237,Nissie,Palek,npalek6k@time.com,94 Tennyson Terrace,Clearwater,Florida,34629,
238,Freddi,Guilloud,fguilloud6l@forbes.com,20 Eastwood Trail,Washington,District of Columbia,20067,10/19/1965
239,Homerus,Harlow,hharlow6m@amazonaws.com,46 South Road,Dallas,Texas,75358,
240,Marianne,Das,mdas6n@odnoklassniki.ru,0 Glacier Hill Lane,San Jose,California,95155,
241,Luella,Meron,lmeron6o@buzzfeed.com,689 Nevada Point,Sunnyvale,California,94089,7/27/1979
242,Lucinda,Hallor,lhallor6p@mac.com,26 Dawn Center,San Luis Obispo,California,93407,3/8/1971
243,Aurea,Feeham,afeeham6q@slate.com,0 Riverside Plaza,Evansville,Indiana,47705,11/1/1954
244,Christiana,Shawyers,cshawyers6r@tiny.cc,5181 Tomscot Center,Phoenix,Arizona,85010,2/27/1975
245,Lilia,Edmunds,ledmunds6s@gizmodo.com,217 3rd Pass,New York City,New York,10014,4/3/1988
246,Britte,Ledwidge,bledwidge6t@npr.org,9 Mesta Point,Sioux Falls,South Dakota,57188,11/1/1970
247,Ange,Loreit,aloreit6u@jugem.jp,13 Stephen Circle,Bronx,New York,10459,
248,Stephana,Kellet,,8917 International Lane,Evansville,Indiana,47747,12/26/1981
249,Leela,Harsnep,lharsnep6w@nba.com,79321 Larry Circle,Rochester,New York,14639,5/25/1992
250,Truda,Tappington,,90 Summit Alley,Arlington,Texas,76011,
251,Roseline,Poulney,rpoulney6y@paypal.com,8751 Anniversary Plaza,Boston,Massachusetts,02298,
252,Fiorenze,Dalling,fdalling6z@posterous.com,8 Meadow Vale Lane,Chesapeake,Virginia,23324,5/27/1995
253,Sylvester,Bulmer,sbulmer70@addtoany.com,6310 Knutson Trail,Amarillo,Texas,79182,3/4/1977
254,Walker,Dowsing,wdowsing71@nature.com,20473 Ronald Regan Pass,Fort Pierce,Florida,34981,4/28/1971
255,Bert,Broker,bbroker72@spotify.com,68 Saint Paul Park,Jackson,Mississippi,39216,8/30/1984
256,Bordy,Saladine,bsaladine73@cnet.com,8735 Graceland Way,San Antonio,Texas,78296,
257,Rutter,Antonich,rantonich74@booking.com,55835 Merrick Lane,Madison,Wisconsin,53726,
258,Noe,Husthwaite,nhusthwaite75@multiply.com,458 Summer Ridge Junction,El Paso,Texas,79940,1/29/1965
259,Dermot,Ivins,divins76@disqus.com,04776 1st Center,Bethlehem,Pennsylvania,18018,
260,Maure,Bartke,mbartke77@360.cn,14510 Katie Junction,Melbourne,Florida,32919,
261,Winifred,Vincent,wvincent78@pbs.org,490 Acker Terrace,Orange,California,92862,6/5/1989
262,Jordan,Juanes,jjuanes79@wordpress.org,99 Morningstar Parkway,Melbourne,Florida,32941,8/23/1989
263,Paulo,Jirusek,pjirusek7a@example.com,38 Ridgeway Plaza,Tucson,Arizona,85743,
264,Emmey,Durie,edurie7b@nydailynews.com,76 Kipling Way,Colorado Springs,Colorado,80995,
265,Kim,Rispin,krispin7c@php.net,47 Rigney Center,Tallahassee,Florida,32314,
266,Amos,Rebichon,arebichon7d@va.gov,3 Mifflin Point,Dallas,Texas,75392,6/14/1974
267,Josephina,Cupitt,jcupitt7e@twitpic.com,504 Elmside Parkway,Austin,Texas,78769,6/28/1945
268,Cammy,Arrell,carrell7f@archive.org,886 Pankratz Court,Pittsburgh,Pennsylvania,15266,8/10/1972
269,Ray,Duchateau,rduchateau7g@uiuc.edu,14 Barnett Park,Davenport,Iowa,52809,
270,Thaddus,Simcox,tsimcox7h@unesco.org,462 Oxford Point,Boise,Idaho,83711,
271,Minnaminnie,Kelwick,mkelwick7i@hexun.com,153 Katie Point,Evansville,Indiana,47747,
272,Charity,Blood,cblood7j@cpanel.net,94 Morning Avenue,Detroit,Michigan,48242,
273,Sean,Rozanski,srozanski7k@marriott.com,32 Roth Hill,New York City,New York,10099,
274,Laughton,Kunath,lkunath7l@ted.com,5987 Rockefeller Court,Charleston,West Virginia,25389,
275,Edik,Rohan,erohan7m@ask.com,47 Transport Center,Seattle,Washington,98158,
276,Martynne,Whitlam,mwhitlam7n@xing.com,5 Stang Park,Alexandria,Virginia,22309,10/22/1951
277,Orion,Kolodziejski,okolodziejski7o@blogtalkradio.com,1312 Monument Junction,Baltimore,Maryland,21275,
278,Cassie,Perfitt,cperfitt7p@bravesites.com,08868 Holy Cross Center,Schenectady,New York,12325,3/12/1993
279,Kakalina,Irdale,kirdale7q@ehow.com,6130 David Center,Colorado Springs,Colorado,80995,
280,Ulrich,Innett,uinnett7r@upenn.edu,110 Morrow Crossing,Newark,New Jersey,07112,1/12/1951
281,Tallulah,Spriggs,tspriggs7s@google.de,9 Dawn Place,New York City,New York,10090,
282,Lexine,Puzey,lpuzey7t@arstechnica.com,21 Straubel Junction,Los Angeles,California,90045,5/6/1949
283,Latrina,Elderidge,lelderidge7u@addtoany.com,99768 Waxwing Terrace,Shawnee Mission,Kansas,66225,12/29/1976
284,Sammy,Bartoletti,sbartoletti7v@baidu.com,1 Saint Paul Park,Manassas,Virginia,22111,3/17/1998
285,Janeczka,Leinweber,jleinweber7w@alibaba.com,65835 Mariners Cove Crossing,Charlotte,North Carolina,28220,2/1/1987
286,Egan,Renshaw,erenshaw7x@soundcloud.com,2 Hansons Plaza,New York City,New York,10160,11/5/1980
287,Bobby,Grayland,bgrayland7y@i2i.jp,89 Hoard Way,Silver Spring,Maryland,20910,
288,Andie,Pitceathly,apitceathly7z@acquirethisname.com,998 Tomscot Park,Lincoln,Nebraska,68531,11/7/1981
289,Martina,Forrington,mforrington80@prweb.com,43666 Walton Court,Fort Worth,Texas,76105,
290,Zorana,Dirand,zdirand81@histats.com,47532 Farragut Alley,Saint Louis,Missouri,63104,8/17/1983
291,Gerrard,Gatheral,ggatheral82@shareasale.com,8 Mifflin Circle,Jamaica,New York,11431,7/30/1974
292,Burton,Bertelet,bbertelet83@tmall.com,4 Lindbergh Lane,Richmond,Virginia,23260,5/30/1988
293,Ange,Langlands,alanglands84@bing.com,1721 Hanson Road,Philadelphia,Pennsylvania,19093,12/12/1974
294,Edin,Blinckhorne,eblinckhorne85@google.ru,71 Golden Leaf Terrace,Indianapolis,Indiana,46202,9/22/1987
295,Karon,Beams,kbeams86@diigo.com,3635 Oakridge Trail,Atlanta,Georgia,30368,
296,Annabal,Coneron,aconeron87@columbia.edu,2382 Muir Circle,Los Angeles,California,90065,11/19/1963
297,Itch,MacKowle,,0 Lillian Alley,Tallahassee,Florida,32309,7/31/1957
298,Sumner,Linkleter,slinkleter89@surveymonkey.com,86870 Arizona Point,Bronx,New York,10454,11/18/1953
299,Sax,Bibby,sbibby8a@php.net,60612 Arizona Center,Spokane,Washington,99205,
300,Ulberto,Harbidge,uharbidge8b@indiegogo.com,31799 Talmadge Court,Des Moines,Iowa,50362,5/28/1940
301,Saul,Yann,syann8c@nasa.gov,04865 Dennis Court,Memphis,Tennessee,38181,
302,Natalie,Dibdale,ndibdale8d@marketwatch.com,060 Armistice Lane,Clearwater,Florida,34615,11/3/1986
303,Raven,Secretan,rsecretan8e@psu.edu,87266 Dorton Hill,Odessa,Texas,79769,8/16/1956
304,Gilburt,Shimman,gshimman8f@domainmarket.com,87 Stuart Park,Dayton,Ohio,45490,10/19/1946
305,Maurizio,Juste,mjuste8g@nsw.gov.au,2 Lillian Pass,Kingsport,Tennessee,37665,8/30/1953
306,Barn,Cranna,bcranna8h@amazonaws.com,56 Continental Hill,Naples,Florida,34102,6/17/1980
307,Sam,Colebourn,scolebourn8i@symantec.com,0 Merrick Way,Grand Rapids,Michigan,49518,
308,Witty,Rosoman,wrosoman8j@mit.edu,602 Gale Place,Peoria,Illinois,61651,2/24/1996
309,Tuesday,Geator,tgeator8k@nyu.edu,4 Sunbrook Avenue,Madison,Wisconsin,53790,9/26/1979
310,Giffy,Mary,gmary8l@smh.com.au,931 Susan Court,Palo Alto,California,94302,5/11/1940
311,Mozelle,Bilson,mbilson8m@ihg.com,05 Center Plaza,Fort Collins,Colorado,80525,11/25/1958
312,Dulcinea,McFetridge,dmcfetridge8n@vistaprint.com,43 Buhler Junction,Seattle,Washington,98115,9/8/1955
313,Flem,Gelsthorpe,fgelsthorpe8o@dagondesign.com,1 Butternut Plaza,Chattanooga,Tennessee,37416,11/24/1973
314,Hattie,Lanphere,hlanphere8p@elpais.com,46866 Fordem Plaza,Ashburn,Virginia,22093,9/4/1952
315,Romola,Demeter,rdemeter8q@51.la,31613 Warbler Street,New York City,New York,10079,
316,Lorilyn,Godilington,lgodilington8r@europa.eu,97856 Farragut Plaza,Berkeley,California,94705,9/13/1941
317,Bearnard,Matresse,bmatresse8s@hc360.com,50451 Killdeer Hill,Chicago,Illinois,60674,6/7/1960
318,Tyne,Phillins,tphillins8t@google.ca,68 Eagle Crest Point,Roanoke,Virginia,24009,12/11/1993
319,Wilbur,Pughsley,wpughsley8u@cnbc.com,901 Fairview Park,Boston,Massachusetts,02119,5/17/1957
320,Iago,Cleland,icleland8v@mysql.com,2 Hauk Pass,Lexington,Kentucky,40586,
321,Gleda,Lacroix,glacroix8w@salon.com,121 Fordem Junction,Austin,Texas,78732,2/27/1978
322,Alis,Atto,aatto8x@unicef.org,96254 Oriole Road,Washington,District of Columbia,20557,12/24/1957
323,Iorgos,Corker,icorker8y@purevolume.com,62146 Debra Park,Atlanta,Georgia,30311,1/29/1940
324,Susy,Jursch,sjursch8z@senate.gov,7958 Waywood Lane,Naples,Florida,33961,10/23/1957
325,Jaclyn,Pearcey,jpearcey90@i2i.jp,325 Towne Avenue,El Paso,Texas,79934,11/22/1981
326,Finn,Sobczak,fsobczak91@geocities.com,767 Shoshone Road,Richmond,Virginia,23213,10/7/1961
327,Alphard,Cordova,acordova92@sciencedaily.com,25 Dovetail Way,Midland,Texas,79710,
328,Merill,Talkington,mtalkington93@dot.gov,79098 Sherman Plaza,Prescott,Arizona,86305,
329,Julienne,Maddison,jmaddison94@yale.edu,41790 Loeprich Court,Lake Worth,Florida,33462,8/29/1971
330,Lucius,MacTavish,lmactavish95@boston.com,5 Farmco Center,Jacksonville,Florida,32255,
331,Quintana,Keough,qkeough96@livejournal.com,18859 Merrick Drive,Philadelphia,Pennsylvania,19178,12/2/1965
332,Leslie,Gilliland,,9 Westport Circle,Des Moines,Iowa,50393,1/13/1978
333,Edithe,Bordone,ebordone98@statcounter.com,1340 Oneill Pass,Hartford,Connecticut,06140,7/12/1988
334,Catriona,Albiston,calbiston99@cnn.com,7 Steensland Court,Louisville,Kentucky,40205,12/9/1966
335,Felipa,Felkin,ffelkin9a@mozilla.com,071 Maywood Circle,Austin,Texas,78769,
336,Shayne,Frondt,sfrondt9b@etsy.com,00 American Ash Lane,Charlotte,North Carolina,28263,1/20/1981
337,Lauralee,Leathard,lleathard9c@biblegateway.com,8 Sauthoff Point,Silver Spring,Maryland,20918,
338,Lucky,Greaterex,lgreaterex9d@macromedia.com,3178 Hanover Avenue,Corpus Christi,Texas,78470,5/28/1990
339,Kenna,Botwright,kbotwright9e@google.de,28143 Ridgeway Terrace,Jamaica,New York,11407,
340,Redford,Rosenwasser,,649 Northfield Circle,New York City,New York,10203,12/29/1949
341,Cooper,Vasilenko,cvasilenko9g@yale.edu,655 Cottonwood Street,Annapolis,Maryland,21405,1/5/1987
342,Juliet,Tamlett,jtamlett9h@walmart.com,5 Independence Place,Sacramento,California,94207,10/19/1994
343,Marven,Mill,mmill9i@phpbb.com,10280 Maple Wood Pass,Fresno,California,93740,
344,Larine,Phalp,lphalp9j@i2i.jp,48987 Karstens Drive,Tulsa,Oklahoma,74133,2/22/1976
345,Karilynn,Wasbey,,4258 Hovde Point,Wichita,Kansas,67236,
346,Elita,Malloy,emalloy9l@seesaa.net,89263 Dwight Parkway,Waterloo,Iowa,50706,5/26/1965
347,Rivalee,Colledge,rcolledge9m@yellowpages.com,6 Menomonie Drive,Albany,New York,12255,
348,Donn,Farish,dfarish9n@npr.org,2 Derek Point,Knoxville,Tennessee,37995,3/30/1987
349,Larine,Liddard,lliddard9o@mysql.com,420 Macpherson Way,Glendale,Arizona,85311,4/13/1975
350,Sheryl,McSporon,smcsporon9p@meetup.com,77134 Waywood Circle,Chicago,Illinois,60663,8/14/1997
351,Minor,Waszczyk,mwaszczyk9q@acquirethisname.com,8 Brickson Park Court,Las Cruces,New Mexico,88006,2/2/1960
352,Katti,Po,kpo9r@jalbum.net,47365 Swallow Road,Anderson,South Carolina,29625,11/14/1945
353,Constance,Rowbrey,crowbrey9s@twitter.com,344 Mayfield Court,Jeffersonville,Indiana,47134,4/26/1959
354,Lowe,Stuchberry,lstuchberry9t@edublogs.org,4500 Cottonwood Drive,Los Angeles,California,90040,2/23/1996
355,Fanchette,Teaser,,2 Algoma Junction,Seattle,Washington,98140,6/26/1969
356,Cassondra,MacSkeagan,cmacskeagan9v@360.cn,907 Iowa Terrace,New York City,New York,10060,
357,Stern,Emanuelli,semanuelli9w@blogspot.com,8062 Acker Drive,Denver,Colorado,80279,
358,Obie,Ledgister,oledgister9x@live.com,1000 Briar Crest Court,Chicago,Illinois,60614,7/25/1991
359,Howard,Bergstrand,hbergstrand9y@comcast.net,90400 Bellgrove Way,Lincoln,Nebraska,68517,
360,Debby,Haggarty,dhaggarty9z@acquirethisname.com,3751 Monterey Junction,Syracuse,New York,13251,9/24/1976
361,Sarena,Mullarkey,smullarkeya0@photobucket.com,9391 Rutledge Trail,Indianapolis,Indiana,46221,3/18/1962
362,Cher,Brugman,cbrugmana1@sakura.ne.jp,3 3rd Crossing,Camden,New Jersey,08104,7/7/1994
363,Gavrielle,Gonsalo,ggonsaloa2@sun.com,42940 Vidon Street,Monticello,Minnesota,55590,
364,Mohammed,Spehr,mspehra3@about.com,375 Calypso Way,Buffalo,New York,14276,10/1/1977
365,Fabiano,Endean,fendeana4@wix.com,98031 Roxbury Avenue,Akron,Ohio,44305,4/24/1958
366,Avril,Maidstone,amaidstonea5@booking.com,06228 Farmco Hill,Denver,Colorado,80235,
367,Vicky,Cruxton,vcruxtona6@nasa.gov,9332 Clyde Gallagher Crossing,Louisville,Kentucky,40266,1/6/1951
368,Keefe,Warham,kwarhama7@seattletimes.com,362 Lakewood Gardens Street,Reno,Nevada,89550,
369,Elroy,Shee,esheea8@java.com,52 Ridgeview Lane,Rochester,New York,14624,
370,Johnathan,Josipovic,jjosipovica9@odnoklassniki.ru,2 Glacier Hill Point,Boca Raton,Florida,33432,
371,Hoebart,Pittman,hpittmanaa@springer.com,19838 Manufacturers Drive,San Francisco,California,94159,10/3/1945
372,Kerk,Grogan,kgroganab@cnn.com,81800 Pond Parkway,Waterbury,Connecticut,06726,
373,Clarinda,Speak,cspeakac@bizjournals.com,13148 Towne Alley,Atlanta,Georgia,31165,
374,Morly,Mcsarry,mmcsarryad@bravesites.com,97 Declaration Center,Cincinnati,Ohio,45249,7/19/1974
375,Vicky,Cogan,vcoganae@arstechnica.com,788 Jana Street,New York City,New York,10090,5/3/1951
376,Bertram,Avraam,bavraamaf@weibo.com,22 Kingsford Alley,Jacksonville,Florida,32215,
377,Dulcine,Danzelman,,52145 Carey Junction,Ridgely,Maryland,21684,
378,Keefe,Larn,klarnah@typepad.com,227 Graceland Court,Rockford,Illinois,61105,9/2/1988
379,Katina,Lowten,klowtenai@google.co.jp,996 7th Park,Washington,District of Columbia,20088,11/21/1941
380,Bondy,Maletratt,bmaletrattaj@jimdo.com,95 Bluestem Avenue,Roanoke,Virginia,24029,
381,Allie,Pettengell,apettengellak@amazonaws.com,1783 Schurz Road,Spokane,Washington,99260,
382,Brandy,Hails,bhailsal@elegantthemes.com,841 Buena Vista Alley,Oakland,California,94611,11/22/1979
383,Dynah,Correa,dcorreaam@freewebs.com,9 Moose Trail,Saint Paul,Minnesota,55115,2/10/1985
384,Pall,Portress,pportressan@google.it,1946 Southridge Alley,Colorado Springs,Colorado,80910,5/15/1969
385,Jard,Jeune,,13852 Twin Pines Center,New York City,New York,10060,10/2/1943
386,Sayre,Bracer,sbracerap@sciencedirect.com,4046 Northport Court,Springfield,Illinois,62723,7/9/1998
387,Torrin,Vant,tvantaq@google.co.jp,1 Carioca Road,Augusta,Georgia,30919,
388,Jacki,Dinsey,jdinseyar@usa.gov,581 Truax Court,Charlotte,North Carolina,28256,
389,Yance,Digance,ydiganceas@time.com,0851 Crownhardt Road,Tallahassee,Florida,32314,11/6/1970
390,Minnie,Zellmer,mzellmerat@ameblo.jp,1 Fairview Road,Fort Myers,Florida,33906,11/28/1962
391,Alden,Lucia,aluciaau@bizjournals.com,7799 Thompson Place,Trenton,New Jersey,08603,1/10/1963
392,Iorgo,Vickerstaff,ivickerstaffav@wordpress.org,86 Charing Cross Parkway,Flushing,New York,11355,5/31/1989
393,Catharine,Bullers,cbullersaw@etsy.com,0 Grover Park,Washington,District of Columbia,20310,11/21/1951
394,Ardra,Bowhay,abowhayax@apache.org,49 Riverside Lane,Long Beach,California,90831,5/28/1942
395,Shurwood,Kruschov,skruschovay@wikipedia.org,9 Heath Park,Houston,Texas,77276,
396,Jamal,Baversor,jbaversoraz@time.com,3 Acker Crossing,Louisville,Kentucky,40210,4/22/1975
397,Ivonne,Wadlow,iwadlowb0@simplemachines.org,12885 Green Ridge Street,Brockton,Massachusetts,02405,
398,Charmaine,Corkill,ccorkillb1@unc.edu,205 Shopko Point,Panama City,Florida,32405,
399,Cirstoforo,Heisman,cheismanb2@amazon.de,3 Monica Parkway,Missoula,Montana,59806,7/7/1950
400,Demetria,Mesias,dmesiasb3@slashdot.org,5344 Pepper Wood Road,Phoenix,Arizona,85077,11/11/1971
401,Vic,Meechan,vmeechanb4@umn.edu,02 Bowman Park,Charlotte,North Carolina,28215,1/27/1978
402,Worden,Smiths,wsmithsb5@merriam-webster.com,01 Fremont Pass,Boise,Idaho,83711,
403,Beatrice,Eickhoff,beickhoffb6@newsvine.com,1 Pierstorff Parkway,Delray Beach,Florida,33448,
404,Petey,Cardon,pcardonb7@mapquest.com,29 Fieldstone Park,Birmingham,Alabama,35242,1/8/1948
405,Lacy,McLinden,lmclindenb8@europa.eu,39327 Bluejay Lane,New Orleans,Louisiana,70179,11/11/1995
406,Brenn,Bernade,bbernadeb9@ca.gov,361 Mitchell Drive,Washington,District of Columbia,20215,
407,Brendis,Heathcoat,bheathcoatba@mac.com,3429 Oriole Point,El Paso,Texas,79945,11/2/1981
408,Fan,Buckler,fbucklerbb@marketwatch.com,3377 Milwaukee Plaza,Melbourne,Florida,32919,11/6/1985
409,Aguie,Doward,adowardbc@sphinn.com,5932 Chinook Center,Chicago,Illinois,60674,
410,Val,Saffin,vsaffinbd@globo.com,1 Manitowish Place,Albany,New York,12210,
411,Nanette,Thing,nthingbe@hubpages.com,598 Haas Drive,Tulsa,Oklahoma,74184,6/10/1991
412,Gilburt,Wilmot,gwilmotbf@ucla.edu,62642 Crescent Oaks Plaza,Pensacola,Florida,32505,9/7/1974
413,Arleta,Brewse,abrewsebg@fda.gov,13 Dexter Street,Denver,Colorado,80299,
414,Felipe,Alldritt,falldrittbh@smugmug.com,34815 4th Court,Merrifield,Virginia,22119,5/5/1943
415,Patrice,Godbold,,953 Hanson Plaza,Boston,Massachusetts,02109,3/8/1987
416,Abby,Broughton,abroughtonbj@reddit.com,2691 Eagan Court,Van Nuys,California,91499,
417,Woody,McLucky,wmcluckybk@last.fm,33392 Southridge Alley,Salt Lake City,Utah,84105,3/23/1958
418,Rosalinda,Guillon,rguillonbl@google.es,66 Merrick Trail,Harrisburg,Pennsylvania,17105,
419,Hamid,Kiwitz,hkiwitzbm@nih.gov,25926 Iowa Avenue,Odessa,Texas,79769,3/31/1952
420,Karlen,Hovenden,khovendenbn@vistaprint.com,933 Hudson Trail,Buffalo,New York,14205,
421,Miriam,Biddell,mbiddellbo@utexas.edu,02 Warrior Road,Orlando,Florida,32808,
422,Arte,Banaszczyk,abanaszczykbp@amazon.co.jp,5 Bunting Center,Jacksonville,Florida,32209,10/21/1999
423,Richard,Broxton,rbroxtonbq@nationalgeographic.com,5186 Lake View Plaza,San Diego,California,92186,
424,Yule,Pincott,ypincottbr@skype.com,12 Columbus Court,Dallas,Texas,75379,9/13/1995
425,Rollin,Castiglione,,8184 Michigan Crossing,Cleveland,Ohio,44191,2/24/1950
426,Kimberli,Ewbanck,kewbanckbt@themeforest.net,35 Hovde Road,Garden Grove,California,92645,3/23/1950
427,Nada,Rickson,,8486 Petterle Place,Des Moines,Iowa,50393,2/1/1943
428,John,Farnan,jfarnanbv@earthlink.net,7016 Dottie Plaza,Oklahoma City,Oklahoma,73179,7/9/1972
429,Cordie,Stockin,cstockinbw@wufoo.com,86 Ilene Alley,San Jose,California,95155,3/5/1953
430,Kimble,Radleigh,kradleighbx@youku.com,897 Shopko Way,Dallas,Texas,75221,9/9/1999
431,Dela,Lovewell,dlovewellby@nationalgeographic.com,5 Green Place,Shawnee Mission,Kansas,66215,5/4/1981
432,Sterling,Geator,sgeatorbz@cafepress.com,66 Vahlen Avenue,Nashville,Tennessee,37245,8/18/1991
433,Karrie,Minall,kminallc0@diigo.com,4 Barnett Court,Atlanta,Georgia,30301,12/6/1990
434,Murry,Giannazzo,mgiannazzoc1@globo.com,2456 Russell Park,Macon,Georgia,31217,11/28/1993
435,Odilia,Kubiczek,okubiczekc2@disqus.com,99485 Duke Parkway,Eugene,Oregon,97405,12/30/1965
436,Kellby,Orry,korryc3@technorati.com,75 Utah Court,Dallas,Texas,75353,
437,Nelly,Donalson,ndonalsonc4@mit.edu,455 Kinsman Lane,Tucson,Arizona,85720,
438,Svend,Battell,,91 Clove Plaza,Biloxi,Mississippi,39534,6/23/1943
439,Freida,Thirst,fthirstc6@arstechnica.com,80566 Kingsford Way,Springfield,Illinois,62718,
440,Wallis,Whatson,wwhatsonc7@google.fr,6 Shelley Pass,Jacksonville,Florida,32215,1/15/1971
441,Beatrice,Tschiersch,btschierschc8@paypal.com,478 Vera Trail,Huntington Beach,California,92648,2/8/1943
442,Garland,Tiler,gtilerc9@biglobe.ne.jp,66 Fulton Court,Lancaster,California,93584,3/10/1995
443,Hatti,Simoens,hsimoensca@cam.ac.uk,9 Northwestern Place,Bradenton,Florida,34205,
444,Marietta,Gatheral,mgatheralcb@statcounter.com,5071 Veith Road,New York City,New York,10110,3/28/1953
445,Daisie,Irvine,dirvinecc@springer.com,467 Oriole Alley,Jefferson City,Missouri,65105,
446,Lucais,Murrigan,lmurrigancd@desdev.cn,1 Stang Lane,Shawnee Mission,Kansas,66205,12/8/1997
447,Roxine,Escale,rescalece@baidu.com,6 Anhalt Trail,New York City,New York,10175,
448,Priscella,Salmons,psalmonscf@pen.io,805 Clove Court,Fort Worth,Texas,76198,7/7/1953
449,Rafa,Greave,rgreavecg@geocities.com,6 Sutherland Point,Virginia Beach,Virginia,23454,7/8/1982
450,Dasi,Fellibrand,dfellibrandch@acquirethisname.com,580 Marquette Alley,Fayetteville,North Carolina,28305,4/6/1943
451,Caryl,Pandya,cpandyaci@123-reg.co.uk,25305 Mockingbird Drive,Sioux City,Iowa,51110,
452,Adaline,Lideard,alideardcj@wiley.com,407 Oak Valley Hill,Chicago,Illinois,60646,5/25/1962
453,Meghann,Cornau,mcornauck@barnesandnoble.com,16993 Rieder Plaza,Henderson,Nevada,89074,
454,Elvera,Waghorn,ewaghorncl@virginia.edu,4 Forster Crossing,Lancaster,California,93584,
455,Gannie,Lamb-shine,glambshinecm@pbs.org,0 Stuart Place,Garland,Texas,75044,9/13/1997
456,Giana,Hartzogs,ghartzogscn@drupal.org,59 Evergreen Avenue,Atlanta,Georgia,30316,1/4/1974
457,Pammy,Cowhig,pcowhigco@msn.com,8721 Ilene Terrace,Paterson,New Jersey,07522,1/26/1968
458,Travers,Birtles,tbirtlescp@indiatimes.com,6722 Milwaukee Road,Boise,Idaho,83727,12/26/1978
459,Sherye,Rodd,sroddcq@yandex.ru,8 Huxley Alley,Saint Louis,Missouri,63121,
460,Tabbatha,Schustl,tschustlcr@stanford.edu,0222 Pawling Junction,Honolulu,Hawaii,96835,7/7/1978
461,Norma,Grenville,ngrenvillecs@senate.gov,56 Stone Corner Circle,Waterloo,Iowa,50706,
462,Damita,Edens,dedensct@si.edu,865 Jenifer Parkway,Newport News,Virginia,23605,
463,Shalne,Hawkwood,shawkwoodcu@indiatimes.com,99 Messerschmidt Junction,Nashville,Tennessee,37250,
464,Elsie,Tewnion,etewnioncv@theatlantic.com,6 Westport Drive,Pittsburgh,Pennsylvania,15225,12/24/1965
465,Gunner,Shawell,gshawellcw@seesaa.net,90593 Mendota Crossing,Portsmouth,Virginia,23705,
466,Elianore,Croisier,ecroisiercx@godaddy.com,4 Mitchell Park,Rochester,New York,14639,3/14/1977
467,Alvira,Edmott,aedmottcy@miibeian.gov.cn,20523 Spaight Drive,Glendale,Arizona,85311,5/31/1978
468,Libbie,Holligan,lholligancz@issuu.com,62 Autumn Leaf Point,Albany,New York,12205,8/8/1967
469,Genia,Taverner,gtavernerd0@china.com.cn,3722 Muir Way,Orlando,Florida,32835,
470,Adlai,Crombleholme,acrombleholmed1@example.com,73 Dexter Plaza,Toledo,Ohio,43635,7/30/1960
471,Marius,Genner,mgennerd2@whitehouse.gov,133 Steensland Hill,Atlanta,Georgia,30358,
472,Fleur,Toop,ftoopd3@infoseek.co.jp,43 Scofield Circle,Oakland,California,94622,10/17/1985
473,Aprilette,Blaine,ablained4@home.pl,918 Miller Junction,Baltimore,Maryland,21275,
474,Bliss,Hallin,bhallind5@cargocollective.com,269 Butterfield Circle,Bethesda,Maryland,20892,9/10/1969
475,Amelie,Losty,alostyd6@imageshack.us,91 Randy Plaza,Newton,Massachusetts,02458,
476,Jemie,Heatherington,jheatheringtond7@msn.com,7 Utah Pass,Miami,Florida,33261,12/30/1997
477,Mable,Ramalho,mramalhod8@ft.com,527 Melvin Park,New York City,New York,10125,3/6/1970
478,Nichol,Hubbocks,nhubbocksd9@archive.org,214 Lillian Terrace,Atlanta,Georgia,30328,
479,Roderic,Juste,rjusteda@bluehost.com,9 Norway Maple Junction,Springfield,Illinois,62764,1/3/1982
480,Caty,Goracci,cgoraccidb@hexun.com,12 Menomonie Park,Fort Worth,Texas,76105,10/11/1999
481,Rex,Banisch,rbanischdc@clickbank.net,51153 Haas Point,Orlando,Florida,32859,9/11/1997
482,Austine,Wollaston,,14 Westerfield Pass,Farmington,Michigan,48335,8/23/1977
483,Reginald,Edmans,redmansde@yahoo.com,18 Jenna Crossing,Kansas City,Missouri,64130,
484,Richart,Bendik,rbendikdf@tuttocitta.it,31 Namekagon Crossing,Garland,Texas,75044,
485,Teddy,Vizor,tvizordg@redcross.org,297 Blackbird Hill,New York City,New York,10039,9/14/1969
486,Elena,Beddall,ebeddalldh@seesaa.net,54 Valley Edge Way,Baton Rouge,Louisiana,70805,8/30/1967
487,Maynord,Caldecot,mcaldecotdi@dedecms.com,25813 Daystar Lane,Washington,District of Columbia,20268,
488,Tobie,Frango,tfrangodj@cbc.ca,55813 Kings Terrace,Atlanta,Georgia,30328,
489,Jaymee,Gauge,jgaugedk@dagondesign.com,8257 Eliot Road,Miami,Florida,33124,
490,Bernadina,Flipsen,bflipsendl@unblog.fr,2 Roxbury Circle,Wilmington,Delaware,19810,
491,Tynan,Masselin,tmasselindm@nasa.gov,46 Vera Alley,Richmond,Virginia,23260,
492,Maude,O'Leagham,moleaghamdn@prlog.org,31739 Monterey Way,Springfield,Illinois,62711,9/7/1990
493,Ambrosio,Reisk,areiskdo@ca.gov,454 Rockefeller Center,Amarillo,Texas,79116,
494,Hamel,Bentall,hbentalldp@globo.com,4718 Troy Terrace,Spring Hill,Florida,34611,11/4/1940
495,Max,Benfell,mbenfelldq@ameblo.jp,468 Bonner Crossing,Cleveland,Ohio,44177,
496,Beatrix,Mansfield,,6 Schurz Street,Detroit,Michigan,48295,4/19/1944
497,Aubrie,Seger,asegerds@addtoany.com,7 Continental Junction,Ashburn,Virginia,22093,12/24/1947
498,Euphemia,Sykes,esykesdt@biblegateway.com,26130 Mitchell Drive,Saint Louis,Missouri,63116,9/17/1954
499,Ameline,Lough,aloughdu@marriott.com,43 Anthes Place,New York City,New York,10110,8/28/1970
500,Kyle,Bernucci,kbernuccidv@yahoo.co.jp,13763 Commercial Street,Minneapolis,Minnesota,55436,11/13/1991
501,Bing,Daysh,bdayshdw@fema.gov,85 Derek Place,Los Angeles,California,90045,3/12/1994
502,Felizio,Catlow,fcatlowdx@nydailynews.com,97170 Fremont Junction,Pompano Beach,Florida,33075,
503,Teodoro,Shrimplin,tshrimplindy@globo.com,3 Scofield Park,Des Moines,Iowa,50330,10/26/1942
504,Lorrie,McGuigan,,4 Nobel Trail,Philadelphia,Pennsylvania,19196,7/18/1996
505,Jeanine,Maddison,jmaddisone0@ftc.gov,6922 Erie Plaza,Pompano Beach,Florida,33075,
506,Noach,Redmore,nredmoree1@dot.gov,4 Wayridge Hill,Oakland,California,94611,4/3/1993
507,Davey,Fairlamb,dfairlambe2@businessinsider.com,3039 Larry Junction,Philadelphia,Pennsylvania,19093,10/3/1960
508,Mic,Waggatt,mwaggatte3@myspace.com,1 Sage Hill,San Mateo,California,94405,1/4/1995
509,Antonie,Gieraths,agierathse4@hc360.com,5 Ridgeway Circle,Minneapolis,Minnesota,55412,7/3/1963
510,Frans,Del Checolo,,379 Scoville Point,Tacoma,Washington,98442,12/9/1988
511,Cordy,Shoveller,cshovellere6@whitehouse.gov,0038 Westport Road,Lynchburg,Virginia,24503,
512,Antoinette,Droogan,adroogane7@dell.com,05 Surrey Way,Austin,Texas,78783,5/19/1983
513,Alvin,Morrid,amorride8@nifty.com,9 Mosinee Park,New York City,New York,10034,7/25/1951
514,Odele,Bryan,obryane9@fotki.com,411 Rutledge Terrace,Prescott,Arizona,86305,
515,Ahmad,Niemetz,aniemetzea@reference.com,4 Manitowish Terrace,Cedar Rapids,Iowa,52405,1/15/1957
516,Obediah,Emlen,oemleneb@cargocollective.com,7 Mockingbird Center,Pittsburgh,Pennsylvania,15255,6/14/1964
517,Ermengarde,Brunotti,ebrunottiec@forbes.com,94087 Hallows Street,Dearborn,Michigan,48126,
518,Mallorie,Insoll,minsolled@php.net,80 Longview Crossing,Des Moines,Iowa,50320,2/10/1959
519,Gweneth,Waye,gwayeee@booking.com,03 Westport Drive,Dulles,Virginia,20189,
520,Glenna,Murphey,,05626 Little Fleur Junction,Watertown,Massachusetts,02472,8/11/1972
521,Otes,Twaits,otwaitseg@un.org,48 Steensland Plaza,Atlanta,Georgia,30380,
522,Norbert,Perago,nperagoeh@earthlink.net,10663 Pearson Street,Waterbury,Connecticut,06705,5/18/1944
523,Beryle,Yegorchenkov,byegorchenkovei@arstechnica.com,1 Fuller Way,Manchester,New Hampshire,03105,
524,Beaufort,Burmaster,bburmasterej@xinhuanet.com,07 Kinsman Road,Fort Lauderdale,Florida,33345,4/11/1984
525,Marna,Rexworthy,mrexworthyek@canalblog.com,2 Holy Cross Road,Portland,Oregon,97240,
526,Melva,Llewellin,mllewellinel@wikia.com,731 Thackeray Lane,Sacramento,California,94257,
527,Amalia,Ritzman,aritzmanem@youtube.com,38264 Merchant Park,Omaha,Nebraska,68110,
528,Terrill,Iuorio,tiuorioen@ameblo.jp,6 Anniversary Road,Atlanta,Georgia,30343,5/13/1965
529,Zarla,Crinkley,zcrinkleyeo@jimdo.com,247 Derek Parkway,Topeka,Kansas,66699,6/12/1942
530,Jobye,Wace,jwaceep@prnewswire.com,6 Grim Road,Warren,Michigan,48092,9/22/1995
531,Justin,Ludgrove,jludgroveeq@ebay.com,5 Anhalt Alley,New York City,New York,10131,
532,Ilysa,Londesborough,,29 Westend Drive,Albany,New York,12205,2/9/1999
533,Emlyn,Baggett,ebaggettes@t.co,98 Fremont Terrace,Greensboro,North Carolina,27455,10/18/1965
534,Amity,Carslaw,,281 Bobwhite Drive,Lansing,Michigan,48901,5/20/1995
535,Carolyn,Yesenev,cyeseneveu@imgur.com,135 Maple Wood Crossing,Tucson,Arizona,85748,12/2/1953
536,Elysia,Stickins,estickinsev@aol.com,8 Coleman Way,Indianapolis,Indiana,46254,3/19/1992
537,Carmelita,Stenton,cstentonew@springer.com,59138 Esker Junction,New York City,New York,10099,12/7/1950
538,Renee,Bunker,rbunkerex@timesonline.co.uk,02 Buhler Circle,Rochester,New York,14614,10/26/1962
539,Brett,Sarfas,bsarfasey@who.int,114 Spenser Way,South Bend,Indiana,46620,7/4/1953
540,Johnna,Parades,jparadesez@adobe.com,06 Petterle Trail,Washington,District of Columbia,20215,1/27/1961
541,Arch,McCreary,amccrearyf0@wisc.edu,49223 Sheridan Road,Albuquerque,New Mexico,87201,
542,Avie,Summerskill,asummerskillf1@clickbank.net,268 Bunker Hill Junction,Sacramento,California,94291,1/19/1994
543,Darcy,Cops,dcopsf2@arizona.edu,53 Maple Junction,Marietta,Georgia,30066,
544,Whit,Ayerst,wayerstf3@twitpic.com,3 Fairfield Trail,El Paso,Texas,79989,
545,Carlie,Leak,cleakf4@joomla.org,6 Oriole Road,Tampa,Florida,33647,
546,Vittoria,Maps,vmapsf5@163.com,511 Glacier Hill Park,Kansas City,Missouri,64179,3/18/1969
547,Kaitlin,Wringe,kwringef6@alexa.com,4 Elmside Drive,Columbus,Ohio,43240,10/31/1965
548,Ava,Leon,aleonf7@technorati.com,07030 Ruskin Trail,Saint Paul,Minnesota,55108,4/6/1966
549,Vickie,Greber,vgreberf8@mapquest.com,81353 Oak Circle,Raleigh,North Carolina,27615,8/18/1975
550,Duky,Durno,ddurnof9@columbia.edu,56 Lotheville Avenue,Oxnard,California,93034,12/12/1981
551,Rosabelle,Eglin,reglinfa@admin.ch,55508 Heath Hill,Houston,Texas,77035,4/9/1948
552,Berkly,Boys,bboysfb@cdc.gov,6341 Clemons Plaza,Baton Rouge,Louisiana,70820,1/5/1951
553,Jolyn,Hessenthaler,jhessenthalerfc@ucoz.com,95511 Marquette Circle,Washington,District of Columbia,20226,
554,Lonny,Gornal,lgornalfd@elegantthemes.com,78006 Pankratz Way,Palm Bay,Florida,32909,6/28/1952
555,Benedikta,Sumpter,bsumpterfe@naver.com,48 Susan Crossing,Washington,District of Columbia,20046,10/13/1987
556,Richart,Ferretti,rferrettiff@cargocollective.com,173 Sommers Plaza,Washington,District of Columbia,20380,
557,Aloisia,Brabban,abrabbanfg@icio.us,743 Vidon Hill,Minneapolis,Minnesota,55412,5/31/1958
558,Ivory,Frith,ifrithfh@cmu.edu,7225 Spenser Point,Simi Valley,California,93094,
559,Karel,Qualtro,kqualtrofi@printfriendly.com,509 Butternut Terrace,Lincoln,Nebraska,68583,12/8/1972
560,Maurie,Leece,,11077 Toban Drive,Philadelphia,Pennsylvania,19172,2/4/1970
561,Nikki,Chapier,nchapierfk@wufoo.com,63013 Transport Pass,San Antonio,Texas,78235,
562,Wilbert,Casina,wcasinafl@gov.uk,0 Susan Point,Las Vegas,Nevada,89145,3/29/1970
563,Eileen,Sparey,espareyfm@cnbc.com,09452 Melrose Crossing,Santa Rosa,California,95405,3/16/1948
564,Jake,Issett,jissettfn@storify.com,611 Fulton Street,New Haven,Connecticut,06538,
565,Nevsa,Rickcord,nrickcordfo@marketwatch.com,7 Union Point,Myrtle Beach,South Carolina,29579,2/11/1991
566,Lezley,Purrington,lpurringtonfp@deviantart.com,732 Starling Avenue,Jacksonville,Florida,32204,11/9/1961
567,Jakie,Logue,jloguefq@wordpress.org,70012 Spohn Road,Birmingham,Alabama,35236,8/30/1985
568,Wain,Burnard,wburnardfr@un.org,23252 Fairfield Alley,Chicago,Illinois,60681,4/8/1993
569,Chloris,Murricanes,,7018 Birchwood Hill,Orlando,Florida,32891,9/1/1945
570,Eddie,Whaley,,74 Thackeray Parkway,Anderson,Indiana,46015,6/7/1970
571,Tan,Sancho,tsanchofu@prweb.com,65 Northview Point,Seattle,Washington,98127,4/27/1954
572,Cyndia,Boorer,cboorerfv@si.edu,71134 Fuller Center,Wichita,Kansas,67215,9/12/1995
573,Dannie,Godbert,dgodbertfw@stanford.edu,893 Amoth Crossing,Nashville,Tennessee,37245,
574,Gabi,Bilfoot,gbilfootfx@tmall.com,6 Westerfield Avenue,Denver,Colorado,80255,4/4/1999
575,Rickard,Nealon,rnealonfy@ask.com,9 Rowland Drive,El Paso,Texas,79928,12/27/1972
576,Persis,Lipp,plippfz@nih.gov,8 Park Meadow Court,Hampton,Virginia,23668,
577,Adrian,Tetla,atetlag0@wisc.edu,93 Melody Trail,Little Rock,Arkansas,72215,3/22/1970
578,Morganne,Conant,mconantg1@hostgator.com,347 Doe Crossing Center,Houston,Texas,77234,2/16/1970
579,Lindsy,Kirtlan,lkirtlang2@vistaprint.com,83855 Carioca Crossing,Los Angeles,California,90081,1/4/1956
580,Kylynn,Cakebread,,66737 Scott Parkway,Washington,District of Columbia,20409,9/27/1947
581,Thea,Crosthwaite,tcrosthwaiteg4@independent.co.uk,735 Buena Vista Junction,Seattle,Washington,98115,
582,Sebastiano,Cecely,scecelyg5@yellowbook.com,89 Dennis Road,Tulsa,Oklahoma,74156,9/17/1951
583,Roger,Francillo,rfrancillog6@abc.net.au,6 Chive Center,Schenectady,New York,12305,
584,Karlee,Salliere,,90 Express Court,South Bend,Indiana,46620,5/20/1953
585,Guillaume,Cordeau],gcordeaug8@meetup.com,575 Lien Avenue,Des Moines,Iowa,50320,11/2/1959
586,Joeann,Goldfinch,jgoldfinchg9@digg.com,444 Pepper Wood Road,Knoxville,Tennessee,37939,5/3/1986
587,Hewie,Meiningen,hmeiningenga@dagondesign.com,961 Cody Center,Bridgeport,Connecticut,06606,4/8/1996
588,Ashley,Segebrecht,asegebrechtgb@list-manage.com,994 1st Park,Montpelier,Vermont,05609,
589,Tait,Lillee,tlilleegc@blogtalkradio.com,12 Lunder Point,Buffalo,New York,14276,3/22/1947
590,Doe,Redpath,dredpathgd@pen.io,3209 Welch Alley,San Jose,California,95128,
591,Clywd,Crosson,ccrossonge@yolasite.com,71 Starling Street,Springfield,Missouri,65898,11/15/1965
592,Leeanne,Tipton,ltiptongf@mac.com,38665 Roth Circle,Hollywood,Florida,33028,3/25/1978
593,Radcliffe,Horwell,rhorwellgg@reference.com,818 Old Shore Drive,Colorado Springs,Colorado,80935,8/7/1989
594,Nadine,Macy,nmacygh@msn.com,1267 Claremont Lane,Pompano Beach,Florida,33064,4/30/1962
595,Aline,Koene,akoenegi@house.gov,553 Caliangt Alley,Memphis,Tennessee,38143,12/22/1992
596,Dareen,Jakeman,djakemangj@yahoo.co.jp,430 Ilene Drive,Miami Beach,Florida,33141,2/27/1992
597,Gonzalo,Szimon,gszimongk@hp.com,2079 Carey Alley,Cedar Rapids,Iowa,52405,4/7/1959
598,Lorin,Hercules,lherculesgl@reverbnation.com,003 Schurz Street,Brooklyn,New York,11210,
599,Nissie,Dilnot,ndilnotgm@japanpost.jp,14 Myrtle Crossing,Portland,Oregon,97206,2/11/1966
600,Clarance,Orpin,,471 David Lane,Indianapolis,Indiana,46295,12/12/1982
601,Miguel,Farny,mfarnygo@nyu.edu,9404 Anhalt Drive,Young America,Minnesota,55551,
602,Darcy,Jime,djimegp@bluehost.com,527 Heffernan Way,Olympia,Washington,98506,
603,Cloris,Coie,ccoiegq@wikispaces.com,3 Brown Center,Phoenix,Arizona,85083,
604,Weider,Lashley,wlashleygr@google.pl,3981 Briar Crest Place,Stockton,California,95210,
605,Lauri,Oulet,louletgs@pinterest.com,41 Delladonna Plaza,Brooklyn,New York,11236,11/6/1981
606,Katha,Ragdale,,0 Evergreen Terrace,Fort Worth,Texas,76115,4/18/1977
607,Boy,Tommasetti,btommasettigu@sfgate.com,71 Butterfield Way,Lansing,Michigan,48919,
608,Irvin,Rosencrantz,irosencrantzgv@weibo.com,443 Anthes Pass,Young America,Minnesota,55573,7/20/1991
609,Cornell,Pitrasso,cpitrassogw@vistaprint.com,2 Logan Road,Kingsport,Tennessee,37665,5/27/1995
610,Claresta,Salandino,csalandinogx@nymag.com,234 Anhalt Park,Newark,New Jersey,07112,3/25/1951
611,Doroteya,Shakle,dshaklegy@kickstarter.com,0753 Golf View Crossing,Syracuse,New York,13251,3/8/1984
612,Carlina,Armsden,carmsdengz@cam.ac.uk,8065 Browning Way,Midland,Michigan,48670,
613,Martino,Boundley,mboundleyh0@list-manage.com,1685 Mendota Drive,Oklahoma City,Oklahoma,73173,3/20/1965
614,Aline,Asif,aasifh1@posterous.com,7042 Delladonna Avenue,Spokane,Washington,99260,8/18/1976
615,Pall,Ainsbury,painsburyh2@e-recht24.de,519 Bay Terrace,Rockford,Illinois,61110,8/12/1983
616,Brigit,Gantlett,bgantletth3@w3.org,634 Scofield Way,Garland,Texas,75044,
617,Lanna,Tallyn,ltallynh4@ocn.ne.jp,69947 Carpenter Pass,Brooklyn,New York,11241,10/10/1955
618,Iain,Washtell,,7434 Quincy Hill,Daytona Beach,Florida,32128,2/4/1954
619,Julia,Muspratt,jmuspratth6@shareasale.com,32 Daystar Center,Fayetteville,North Carolina,28314,12/5/1942
620,Avictor,Hedworth,ahedworthh7@flickr.com,6863 Haas Point,Little Rock,Arkansas,72215,7/2/1997
621,Honoria,Cudmore,hcudmoreh8@fastcompany.com,3110 Schmedeman Road,Dayton,Ohio,45470,6/14/1994
622,Maire,Drysdell,mdrysdellh9@hexun.com,1525 Algoma Lane,Washington,District of Columbia,20414,4/18/1984
623,Arturo,Stemson,astemsonha@simplemachines.org,6297 Waywood Court,San Antonio,Texas,78240,
624,Giovanna,Isacsson,gisacssonhb@jugem.jp,5355 Victoria Parkway,Phoenix,Arizona,85062,2/27/1991
625,Rafaello,Etter,retterhc@studiopress.com,661 Dunning Pass,Corpus Christi,Texas,78415,
626,Jobina,Mariaud,jmariaudhd@nbcnews.com,7971 Eastwood Center,Billings,Montana,59112,8/23/1952
627,Issy,Foan,ifoanhe@statcounter.com,89115 Weeping Birch Junction,Terre Haute,Indiana,47812,10/17/1952
628,Gerianna,Axon,gaxonhf@e-recht24.de,256 Goodland Place,Madison,Wisconsin,53785,9/14/1985
629,Dolph,Lawman,dlawmanhg@mediafire.com,884 American Ash Road,Detroit,Michigan,48295,6/3/1993
630,Isak,Benoiton,,9 Spenser Street,Spokane,Washington,99220,
631,Debbie,Stuckley,dstuckleyhi@youku.com,3201 Graceland Terrace,Albuquerque,New Mexico,87190,5/19/1941
632,Elysha,Brinkman,ebrinkmanhj@tinypic.com,042 Holy Cross Hill,New York City,New York,10009,4/3/1971
633,Linus,Raspin,lraspinhk@sphinn.com,68323 Portage Parkway,Topeka,Kansas,66622,4/18/1989
634,Sylvester,McGuinness,,095 Golf View Parkway,Chicago,Illinois,60691,2/10/1983
635,Kitty,Annes,kanneshm@blogs.com,7 Heffernan Avenue,Spokane,Washington,99220,10/4/1960
636,Phylis,Mewrcik,pmewrcikhn@dailymotion.com,833 Grasskamp Parkway,Wichita Falls,Texas,76305,
637,Miguela,Dennert,mdennertho@paypal.com,8 Bobwhite Lane,Gatesville,Texas,76598,12/12/1943
638,Perry,Deverill,pdeverillhp@dropbox.com,7351 Northview Alley,Omaha,Nebraska,68105,
639,Roosevelt,MacVay,rmacvayhq@chronoengine.com,7581 Reinke Street,Miami,Florida,33245,5/28/1944
640,Vi,Ferronel,,38 Commercial Trail,Honolulu,Hawaii,96840,
641,Ninon,Dmych,ndmychhs@lulu.com,252 Merrick Point,Spokane,Washington,99260,1/17/1966
642,Engelbert,Clyne,eclyneht@w3.org,2719 Bellgrove Lane,Worcester,Massachusetts,01654,5/13/1971
643,Hobart,Harrinson,hharrinsonhu@mozilla.org,8971 Buhler Terrace,Hyattsville,Maryland,20784,
644,Johnath,Chable,jchablehv@walmart.com,7222 Goodland Court,El Paso,Texas,88514,5/14/1990
645,Catherina,Friel,cfrielhw@washington.edu,948 Fordem Road,Lancaster,Pennsylvania,17622,4/14/1953
646,Kimberlyn,Gianuzzi,kgianuzzihx@digg.com,81181 Russell Lane,Cincinnati,Ohio,45238,
647,Connie,Talby,ctalbyhy@tripod.com,724 Dapin Plaza,Trenton,New Jersey,08603,10/28/1951
648,Derron,Mcimmie,,460 Superior Plaza,Sacramento,California,94250,7/28/1962
649,Johan,Mollin,jmollini0@yahoo.com,4804 Mandrake Street,Denver,Colorado,80204,
650,Alic,Steadman,asteadmani1@ox.ac.uk,69749 Moose Circle,Sacramento,California,95828,5/25/1989
651,Urbanus,Dunderdale,udunderdalei2@nytimes.com,18829 Dawn Hill,Colorado Springs,Colorado,80915,
652,Tracee,Giscken,tgisckeni3@shop-pro.jp,2154 Forster Avenue,Midland,Texas,79705,7/24/1954
653,Guido,Emmanuele,gemmanuelei4@wisc.edu,3 Vahlen Avenue,Kansas City,Missouri,64136,7/13/1980
654,Roanna,Fishburn,rfishburni5@bbb.org,3370 Goodland Avenue,Green Bay,Wisconsin,54313,
655,Angelita,Moquin,amoquini6@miitbeian.gov.cn,2 Summer Ridge Alley,Jacksonville,Florida,32244,
656,Michal,Diego,mdiegoi7@un.org,0725 High Crossing Center,Fargo,North Dakota,58106,6/27/1954
657,Aurea,Hathwood,,7558 Donald Hill,Denver,Colorado,80228,5/5/1965
658,Toddie,Hallan,thallani9@economist.com,6 Dennis Hill,Seattle,Washington,98158,
659,Lilias,Grabbam,lgrabbamia@webeden.co.uk,79439 Iowa Way,Washington,District of Columbia,56944,10/4/1985
660,Gabi,Gonzales,ggonzalesib@ox.ac.uk,2474 Dennis Alley,Sarasota,Florida,34238,
661,Kittie,Shelborne,kshelborneic@utexas.edu,9018 Leroy Street,Glendale,Arizona,85305,
662,Douglas,Stolting,dstoltingid@cornell.edu,04499 Merrick Pass,Arlington,Virginia,22212,6/29/1949
663,Howey,Helliker,,0 Parkside Court,Las Vegas,Nevada,89105,
664,Antonetta,Elves,aelvesif@businessweek.com,2 Debs Hill,Oklahoma City,Oklahoma,73124,6/19/1962
665,Cordie,Hambridge,chambridgeig@globo.com,90 Prairie Rose Court,Fairbanks,Alaska,99709,4/9/1958
666,Fons,Granville,fgranvilleih@noaa.gov,76958 Fisk Lane,Miami,Florida,33196,1/22/1981
667,Liva,Eunson,leunsonii@washingtonpost.com,76445 Debs Way,Stamford,Connecticut,06912,9/7/1979
668,Isiahi,Grabb,igrabbij@icq.com,73 Hovde Hill,San Antonio,Texas,78220,
669,Tamqrah,O'Halleghane,tohalleghaneik@xrea.com,436 Utah Terrace,Tucson,Arizona,85715,
670,Eugenio,Sandercock,,8 Surrey Terrace,New York City,New York,10105,6/12/1996
671,Kellen,Dorrell,kdorrellim@4shared.com,750 Lyons Lane,New York City,New York,10090,4/12/1956
672,Gianina,Scapelhorn,,3270 Heffernan Park,Hialeah,Florida,33018,7/18/1946
673,Elsi,Domanski,edomanskiio@tinyurl.com,60 Packers Court,Columbus,Ohio,43204,10/30/1959
674,Damon,Grix,dgrixip@foxnews.com,7535 Bluejay Terrace,Saint Louis,Missouri,63110,10/14/1965
675,Kayle,Bauldry,kbauldryiq@spiegel.de,68 Tennyson Alley,Richmond,Virginia,23285,
676,Wynn,Jeary,wjearyir@irs.gov,0176 Portage Point,Virginia Beach,Virginia,23459,1/31/1948
677,Neall,Willgrass,nwillgrassis@webeden.co.uk,03 Sutherland Court,San Antonio,Texas,78250,1/15/1980
678,Ameline,Duns,adunsit@etsy.com,456 Lakewood Gardens Terrace,Norfolk,Virginia,23514,
679,Kort,Tabbernor,ktabbernoriu@multiply.com,94 Dryden Point,Atlanta,Georgia,30301,6/30/1998
680,Roda,Ranfield,rranfieldiv@cbc.ca,54 Muir Hill,Little Rock,Arkansas,72222,
681,Etheline,Golledge,egolledgeiw@hexun.com,5006 Norway Maple Point,Salem,Oregon,97312,11/1/1949
682,Artus,Robey,arobeyix@foxnews.com,8686 Bultman Point,Carol Stream,Illinois,60158,3/26/1971
683,Ewen,Dunsford,,0 Sundown Pass,Denver,Colorado,80209,7/1/1953
684,Myrvyn,Pancoust,mpancoustiz@wp.com,92 Del Mar Parkway,Washington,District of Columbia,20370,7/7/1942
685,Shandie,Pinches,spinchesj0@ehow.com,7912 Spenser Drive,Rochester,Minnesota,55905,
686,Norah,Colecrough,,3 Hagan Road,Dallas,Texas,75277,4/27/1961
687,Winifield,Haythornthwaite,,86498 Ruskin Park,San Angelo,Texas,76905,
688,Kile,Ahlf,kahlfj3@gnu.org,845 Wayridge Hill,Hagerstown,Maryland,21747,5/27/1957
689,Kyla,Newberry,knewberryj4@unesco.org,9679 Service Way,Harrisburg,Pennsylvania,17140,1/24/1995
690,Brendan,Chesterton,,54077 Judy Pass,Carlsbad,California,92013,8/7/1987
691,Claudine,Windley,cwindleyj6@live.com,9 Johnson Terrace,Fort Wayne,Indiana,46814,
692,Jordanna,Eshmade,jeshmadej7@bbc.co.uk,2 Portage Alley,Knoxville,Tennessee,37931,11/30/1987
693,Erminia,Tash,etashj8@answers.com,20 Cordelia Court,Roanoke,Virginia,24024,11/2/1946
694,Therese,Menicomb,,5218 Johnson Hill,Mobile,Alabama,36610,12/6/1962
695,Darcy,Pleace,dpleaceja@dailymotion.com,381 Doe Crossing Parkway,Columbia,South Carolina,29240,
696,Obidiah,Boggish,oboggishjb@woothemes.com,5 American Alley,Milwaukee,Wisconsin,53215,
697,Auroora,Espinosa,aespinosajc@ucsd.edu,58 Shoshone Circle,Omaha,Nebraska,68134,6/18/1972
698,Andrus,Akram,aakramjd@shareasale.com,0447 Pennsylvania Park,Young America,Minnesota,55564,
699,Nicholle,Dmych,ndmychje@state.gov,1170 Talmadge Drive,Lansing,Michigan,48901,12/14/1961
700,Pierre,De Giorgis,pdegiorgisjf@discuz.net,9 Crescent Oaks Avenue,Mesa,Arizona,85205,9/5/1948
701,Nyssa,Edgar,nedgarjg@skype.com,961 Londonderry Plaza,South Bend,Indiana,46620,
702,Minta,Dovydenas,mdovydenasjh@spotify.com,85545 Westport Point,Jeffersonville,Indiana,47134,12/4/1989
703,Barnaby,Dabney,bdabneyji@sphinn.com,2163 Vera Terrace,Atlanta,Georgia,30336,10/20/1984
704,Nehemiah,Eslie,nesliejj@nymag.com,68121 7th Alley,Washington,District of Columbia,20067,
705,Bud,Petto,,2671 Fisk Plaza,Biloxi,Mississippi,39534,
706,Davide,MacPaden,dmacpadenjl@furl.net,69 Quincy Lane,Amarillo,Texas,79182,
707,Archy,Anstead,,53672 Pennsylvania Crossing,Jamaica,New York,11447,
708,Kellen,Narducci,knarduccijn@flickr.com,288 Heath Terrace,New York City,New York,10099,
709,Kacey,Capeling,kcapelingjo@hao123.com,8 Morning Center,Morgantown,West Virginia,26505,
710,Izabel,Monks,imonksjp@parallels.com,680 Butterfield Park,Wichita,Kansas,67215,
711,Tybie,Woodruffe,twoodruffejq@businesswire.com,805 Petterle Park,Louisville,Kentucky,40266,8/13/1952
712,Frasquito,Greenslade,fgreensladejr@nature.com,41854 Merchant Way,Spokane,Washington,99215,
713,Latrina,Panting,lpantingjs@pbs.org,86379 Golf View Pass,Nashville,Tennessee,37215,3/26/1960
714,Kalli,Ghidini,kghidinijt@4shared.com,9 Merrick Court,Harrisburg,Pennsylvania,17140,1/28/1992
715,Karin,Meugens,,4309 Jackson Point,Billings,Montana,59112,
716,Nathaniel,Gooderidge,ngooderidgejv@nba.com,86215 Truax Point,San Luis Obispo,California,93407,
717,Devonne,Tether,,4599 Holmberg Place,Lexington,Kentucky,40586,
718,Bamby,Keepe,bkeepejx@webnode.com,303 Lillian Trail,Cincinnati,Ohio,45999,
719,Wyatan,Walcher,,0 Heath Street,Santa Fe,New Mexico,87592,9/15/1952
720,Doll,Philippou,dphilippoujz@bluehost.com,03 Sloan Street,Las Vegas,Nevada,89110,2/20/1961
721,Seymour,Cure,scurek0@cnn.com,72 Fordem Drive,Lansing,Michigan,48930,3/1/1960
722,Rani,Morcom,rmorcomk1@google.pl,587 Prentice Park,North Las Vegas,Nevada,89036,2/4/1960
723,Mace,Genders,,08784 Amoth Park,San Antonio,Texas,78210,
724,Verne,Ramsdale,vramsdalek3@un.org,9442 Center Parkway,San Diego,California,92121,
725,Olva,MacGeaney,omacgeaneyk4@yale.edu,96705 Barby Pass,Tucson,Arizona,85705,
726,Nat,Dressell,ndressellk5@github.com,1862 Sommers Junction,Akron,Ohio,44329,
727,Terrie,Matveyev,tmatveyevk6@webmd.com,5 Dexter Pass,Las Vegas,Nevada,89115,8/26/1988
728,Jehanna,Zeplin,,68 Lighthouse Bay Center,El Paso,Texas,79934,
729,Chad,Gerrietz,cgerrietzk8@tinyurl.com,21 Oak Court,Anaheim,California,92805,
730,Agnella,Buzin,abuzink9@samsung.com,0 Rowland Place,Aiken,South Carolina,29805,
731,Radcliffe,Towll,rtowllka@ucoz.ru,237 2nd Road,Lubbock,Texas,79405,
732,Gwyn,Burd,gburdkb@constantcontact.com,0501 6th Plaza,Portsmouth,New Hampshire,00214,
733,Chanda,Griffin,cgriffinkc@themeforest.net,888 Dennis Avenue,Honolulu,Hawaii,96835,12/22/1962
734,Archibold,McKinie,amckiniekd@csmonitor.com,4 Arkansas Park,Washington,District of Columbia,20404,8/4/1962
735,Quincey,D'Ugo,qdugoke@netlog.com,808 Twin Pines Avenue,Saint Louis,Missouri,63116,3/11/1960
736,Derby,Cattlow,dcattlowkf@alibaba.com,451 Stang Point,Cincinnati,Ohio,45249,
737,Deirdre,Diament,,04964 Hudson Crossing,Santa Barbara,California,93150,
738,Brose,Nouch,bnouchkh@bing.com,838 Marcy Center,Jackson,Mississippi,39210,
739,Coriss,Mish,cmishki@unblog.fr,5025 Sherman Terrace,Durham,North Carolina,27705,11/6/1948
740,Abramo,Hold,aholdkj@dropbox.com,22 Nobel Hill,Greeley,Colorado,80638,3/12/1997
741,Codie,Bolletti,cbollettikk@unesco.org,41560 Sauthoff Road,Garden Grove,California,92645,
742,Scottie,Cobbled,scobbledkl@addtoany.com,3 Mayer Parkway,Fresno,California,93709,
743,Henryetta,Dalgetty,hdalgettykm@altervista.org,68580 Oakridge Way,Warren,Ohio,44485,11/25/1993
744,Bobette,Torbard,btorbardkn@lulu.com,98 Marquette Park,Sacramento,California,94207,1/23/1946
745,Zachary,Lievesley,zlievesleyko@bloglovin.com,0866 Loomis Court,Pasadena,California,91199,11/1/1961
746,Brent,Laxe,blaxekp@omniture.com,7768 Washington Court,Panama City,Florida,32405,1/20/1984
747,Leena,Alred,lalredkq@nps.gov,98 Dorton Pass,Columbus,Georgia,31998,
748,Pru,Victoria,pvictoriakr@nyu.edu,1436 Grim Plaza,San Antonio,Texas,78240,7/30/1992
749,Shani,Greenway,sgreenwayks@sciencedaily.com,4 Schiller Avenue,Dayton,Ohio,45403,8/17/1994
750,Graig,Lerhinan,glerhinankt@gov.uk,86871 Ronald Regan Place,Cincinnati,Ohio,45999,
751,Townie,Seakes,,6 Evergreen Street,Seattle,Washington,98195,2/26/1957
752,Neddy,Harp,nharpkv@google.pl,292 Golden Leaf Parkway,Pueblo,Colorado,81010,8/13/1973
753,Saleem,Keese,skeesekw@stanford.edu,0 Dryden Lane,Washington,District of Columbia,20409,11/28/1962
754,Sigfrid,Cicci,sciccikx@unblog.fr,4 Sunfield Pass,Paterson,New Jersey,07522,2/21/1978
755,Shanta,Woodworth,swoodworthky@unicef.org,5 Sachtjen Park,Lincoln,Nebraska,68531,
756,Boot,Ebbrell,,07843 Service Hill,Evanston,Illinois,60208,8/7/1985
757,Mendy,Skilbeck,mskilbeckl0@diigo.com,276 Mendota Trail,Ashburn,Virginia,22093,
758,Carroll,McAlpin,cmcalpinl1@ucla.edu,10920 Glacier Hill Circle,Oakland,California,94605,
759,Fanchette,Klimontovich,fklimontovichl2@vimeo.com,27 Sunfield Junction,Decatur,Illinois,62525,
760,Arlen,Iskow,aiskowl3@sitemeter.com,39 Larry Trail,Washington,District of Columbia,20409,12/17/1978
761,Glynn,Aleso,galesol4@php.net,96 Sloan Lane,Clearwater,Florida,34629,8/7/1942
762,Asher,Tenbrug,atenbrugl5@miibeian.gov.cn,3 Northwestern Place,New York City,New York,10125,1/11/1978
763,Riki,Moorrud,rmoorrudl6@businessinsider.com,96641 Paget Circle,Washington,District of Columbia,20591,5/16/1996
764,Archibold,McElvine,amcelvinel7@trellian.com,591 Parkside Hill,Kansas City,Missouri,64142,10/24/1952
765,Edsel,Blythin,eblythinl8@linkedin.com,7733 Talisman Road,Albuquerque,New Mexico,87110,10/31/1974
766,Elizabet,Pither,epitherl9@hugedomains.com,071 Oxford Way,Pittsburgh,Pennsylvania,15215,10/12/1971
767,Burg,Beat,bbeatla@themeforest.net,78 Morningstar Park,Paterson,New Jersey,07505,
768,Charyl,Yitzhakof,cyitzhakoflb@jugem.jp,12 Corry Point,Shawnee Mission,Kansas,66205,8/14/1963
769,Janaya,Deavall,jdeavalllc@yale.edu,22425 Towne Alley,Trenton,New Jersey,08650,12/17/1979
770,Antonia,Robjents,arobjentsld@skyrock.com,6 Doe Crossing Place,Phoenix,Arizona,85030,7/8/1997
771,L;urette,Le Leu,lleleule@kickstarter.com,364 Brown Avenue,Amarillo,Texas,79188,5/16/1999
772,Petey,Rosgen,prosgenlf@xing.com,6 Pankratz Park,Riverside,California,92505,10/13/1982
773,Kendal,Zmitrovich,kzmitrovichlg@google.nl,7530 Sachtjen Drive,Chicago,Illinois,60652,12/9/1995
774,Dasha,Fettes,dfetteslh@springer.com,5767 Stuart Street,Austin,Texas,78783,7/13/1992
775,June,Gambrell,jgambrellli@ca.gov,32 Eagan Avenue,Concord,California,94522,2/5/1961
776,Florance,Lampard,flampardlj@walmart.com,5 Hanover Way,Arlington,Virginia,22225,
777,Shantee,Press,spresslk@bandcamp.com,122 Lindbergh Junction,Sacramento,California,95828,12/15/1990
778,Drucill,Doonican,ddoonicanll@gnu.org,591 Sommers Park,New Haven,Connecticut,06538,
779,Ethelind,Dennick,edennicklm@usnews.com,8 Independence Point,Allentown,Pennsylvania,18105,7/23/1992
780,Bentlee,Alford,balfordln@delicious.com,2 New Castle Hill,Birmingham,Alabama,35225,4/19/1973
781,Nell,Kettow,nkettowlo@ow.ly,5820 1st Point,Harrisburg,Pennsylvania,17126,6/27/1973
782,Artemus,Lobb,alobblp@netvibes.com,48361 Eastlawn Avenue,New York City,New York,10029,
783,Amabelle,Kliche,aklichelq@who.int,58 Cascade Street,Jamaica,New York,11436,
784,Marti,Kunzelmann,mkunzelmannlr@amazon.co.jp,96073 Annamark Crossing,Tucson,Arizona,85754,6/28/1990
785,Gabriello,Speaks,gspeaksls@mail.ru,97762 Esch Crossing,Long Beach,California,90810,
786,Alika,Ovett,aovettlt@techcrunch.com,8 Dennis Plaza,Newark,New Jersey,07195,
787,Delilah,Himsworth,dhimsworthlu@bigcartel.com,63347 Judy Plaza,Largo,Florida,34643,
788,Milicent,Abrami,mabramilv@omniture.com,68043 Chinook Way,San Luis Obispo,California,93407,2/20/1994
789,Nevin,Redparth,nredparthlw@ovh.net,44 Dakota Street,Knoxville,Tennessee,37924,
790,Ritchie,Anfusso,ranfussolx@mapy.cz,054 Annamark Way,Springfield,Missouri,65898,
791,Leonore,Marden,lmardenly@clickbank.net,5 Meadow Valley Park,Santa Fe,New Mexico,87592,
792,Pierson,Nourse,pnourselz@cisco.com,90 Mcbride Park,Dayton,Ohio,45426,
793,Maureene,Moorcroft,mmoorcroftm0@walmart.com,0 Forest Avenue,Atlanta,Georgia,30306,
794,Edwina,Stables,establesm1@narod.ru,417 Amoth Junction,Springfield,Illinois,62776,
795,Erv,Matthaus,ematthausm2@4shared.com,46 Hayes Pass,Tucson,Arizona,85705,4/18/1962
796,Junette,Foxten,jfoxtenm3@amazon.co.jp,97552 Vidon Drive,Oklahoma City,Oklahoma,73109,
797,Martelle,Creber,mcreberm4@google.co.jp,90 8th Terrace,Santa Cruz,California,95064,
798,Dalia,Pollastro,dpollastrom5@friendfeed.com,055 Coolidge Way,Denver,Colorado,80270,4/21/1957
799,Douglass,Gabbot,dgabbotm6@wikia.com,3 Memorial Way,Chicago,Illinois,60652,12/15/1966
800,Kaila,Hulatt,khulattm7@mozilla.org,67289 Leroy Alley,Orlando,Florida,32868,
801,Major,Ironside,mironsidem8@mashable.com,96 Anthes Alley,Fresno,California,93721,3/2/1999
802,Ado,Twentyman,atwentymanm9@woothemes.com,26 Jenifer Crossing,Sacramento,California,95833,
803,Margot,Bickerstaff,mbickerstaffma@go.com,07086 Judy Center,Houston,Texas,77035,9/12/1958
804,Keriann,Dumbrill,kdumbrillmb@irs.gov,08 Cambridge Park,Oakland,California,94616,11/19/1984
805,Denis,Flood,dfloodmc@comsenz.com,394 School Alley,Greenville,South Carolina,29615,6/11/1964
806,Galen,Verillo,gverillomd@about.com,68866 Lotheville Point,Reston,Virginia,22096,
807,Georgetta,Dracksford,gdracksfordme@apple.com,4 7th Road,Scranton,Pennsylvania,18514,
808,Halimeda,Shurlock,hshurlockmf@uiuc.edu,2407 Kingsford Alley,Pensacola,Florida,32595,12/28/1972
809,Enrica,Matton,emattonmg@mozilla.org,81728 Lerdahl Court,Lubbock,Texas,79491,5/31/1943
810,Tony,Willacot,twillacotmh@bluehost.com,77 Mayer Way,Tampa,Florida,33673,8/30/1970
811,Thibaud,Huot,thuotmi@flavors.me,36403 Parkside Plaza,Monroe,Louisiana,71213,9/26/1993
812,Emilia,Allsup,eallsupmj@drupal.org,4464 Westridge Way,Lexington,Kentucky,40581,
813,Harmon,Gabites,hgabitesmk@shop-pro.jp,72 Everett Drive,Fort Lauderdale,Florida,33305,
814,Hilary,Bunn,hbunnml@google.com.au,24510 Hallows Pass,El Paso,Texas,79916,9/25/1951
815,Tanhya,Orton,tortonmm@addthis.com,6 Lukken Street,Las Vegas,Nevada,89120,2/19/1984
816,Siusan,Oxberry,soxberrymn@slate.com,84203 Melvin Plaza,Tuscaloosa,Alabama,35405,6/20/1946
817,Trixi,Russi,trussimo@imageshack.us,60984 Clarendon Street,Chico,California,95973,3/18/1978
818,Tabbi,Vanshin,tvanshinmp@ucoz.com,56 Stang Drive,Huntington,West Virginia,25775,11/18/1980
819,Lionello,Plumstead,lplumsteadmq@typepad.com,66962 Cordelia Parkway,Battle Creek,Michigan,49018,4/10/1975
820,Chrissie,Fayerbrother,cfayerbrothermr@paginegialle.it,86 Waxwing Avenue,San Antonio,Texas,78215,
821,Olivier,Winspar,owinsparms@bluehost.com,136 7th Road,Nashville,Tennessee,37210,
822,Gelya,Shorey,gshoreymt@apache.org,78386 Dovetail Court,New York City,New York,10014,9/9/1975
823,Becki,Krolle,bkrollemu@google.cn,7 Beilfuss Pass,Sioux Falls,South Dakota,57105,11/23/1996
824,Kaitlynn,Duthie,kduthiemv@skype.com,88 Scoville Avenue,Charleston,South Carolina,29411,5/3/1984
825,Genia,Thomerson,gthomersonmw@skype.com,13 2nd Road,Washington,District of Columbia,20088,6/19/1991
826,Dukey,Malenfant,dmalenfantmx@dropbox.com,892 Westerfield Plaza,Oklahoma City,Oklahoma,73129,1/28/1964
827,Colas,Flacknoe,cflacknoemy@istockphoto.com,3 Prentice Plaza,San Antonio,Texas,78225,10/6/1999
828,Zacharia,Ilymanov,zilymanovmz@opensource.org,64 Del Sol Point,Van Nuys,California,91406,
829,Yale,Stephens,ystephensn0@businessinsider.com,39 Rieder Road,Springfield,Ohio,45505,12/20/1967
830,Mort,Jeanenet,mjeanenetn1@github.io,839 Elka Street,Maple Plain,Minnesota,55579,
831,Leonerd,Pargetter,lpargettern2@wisc.edu,985 Loeprich Court,Louisville,Kentucky,40210,5/30/1942
832,Ginelle,Carek,,40493 Michigan Point,Fullerton,California,92640,
833,Cody,Peattie,cpeattien4@engadget.com,13 Ramsey Court,Spokane,Washington,99205,9/16/1949
834,Murry,Jonk,mjonkn5@infoseek.co.jp,41 Fordem Road,Galveston,Texas,77554,4/10/1983
835,Helaina,Richemont,hrichemontn6@blogs.com,862 David Street,San Francisco,California,94137,6/26/1968
836,Henrik,Caltun,hcaltunn7@mediafire.com,94723 Katie Park,West Palm Beach,Florida,33405,
837,Shay,Stiles,sstilesn8@tumblr.com,85 Sloan Point,Chicago,Illinois,60686,4/6/1999
838,Ali,Synder,,83 Spaight Parkway,Chicago,Illinois,60691,6/15/1964
839,Austine,Torfin,atorfinna@apache.org,150 Montana Trail,Dallas,Texas,75265,4/10/1950
840,Gary,Lamey,glameynb@ovh.net,031 Graedel Place,Huntsville,Alabama,35895,12/6/1945
841,Zena,Isaac,zisaacnc@who.int,9 American Ash Center,Norcross,Georgia,30092,7/31/1980
842,Art,Yitshak,,5 Bayside Road,Phoenix,Arizona,85005,1/15/1976
843,Violante,Feldbau,vfeldbaune@simplemachines.org,36840 Sundown Junction,Charlottesville,Virginia,22903,
844,Priscella,Kits,pkitsnf@comsenz.com,0084 South Place,West Palm Beach,Florida,33421,4/10/1943
845,Quinn,Quarterman,qquartermanng@ocn.ne.jp,11761 Larry Junction,Lees Summit,Missouri,64082,10/6/1951
846,Gretel,Snassell,,5 Glendale Crossing,Shawnee Mission,Kansas,66205,2/13/1989
847,Hilarius,Winwright,hwinwrightni@who.int,47 Bartillon Hill,Bronx,New York,10464,12/26/1961
848,Faina,Van den Oord,fvandenoordnj@icq.com,6 Tomscot Park,Albuquerque,New Mexico,87110,
849,Lynda,Syrett,lsyrettnk@phoca.cz,76 2nd Way,Austin,Texas,78754,12/9/1980
850,Phyllis,Wakelin,pwakelinnl@examiner.com,72155 Village Green Circle,Los Angeles,California,90189,10/3/1991
851,Caresa,MacLleese,cmaclleesenm@chron.com,70852 Redwing Crossing,Des Moines,Iowa,50330,8/7/1961
852,Madeline,Sigert,msigertnn@nationalgeographic.com,7869 Chinook Lane,San Francisco,California,94121,
853,Alexander,Stogill,astogillno@vkontakte.ru,804 Orin Drive,Jacksonville,Florida,32204,
854,Hallsy,Drake,hdrakenp@si.edu,06481 Buell Way,Cincinnati,Ohio,45254,3/22/1989
855,Isacco,Ewer,iewernq@upenn.edu,601 Longview Trail,Seattle,Washington,98127,
856,Christye,Bentick,cbenticknr@bandcamp.com,05448 Ridge Oak Terrace,Jacksonville,Florida,32225,9/1/1957
857,Paloma,Dumbrall,pdumbrallns@nhs.uk,60795 Katie Street,Montpelier,Vermont,05609,
858,Arda,Christofor,achristofornt@wix.com,098 American Alley,Cincinnati,Ohio,45203,
859,Marigold,Baum,mbaumnu@vinaora.com,597 Clyde Gallagher Place,San Mateo,California,94405,7/18/1979
860,Page,Battelle,pbattellenv@ovh.net,491 Hermina Drive,Corpus Christi,Texas,78405,2/24/1965
861,Verile,Palatini,vpalatininw@google.com.br,9 Marquette Terrace,Detroit,Michigan,48242,2/21/1950
862,Laurie,Quest,lquestnx@dot.gov,0098 Westridge Street,Kansas City,Missouri,64109,6/24/1958
863,Horton,Deave,hdeaveny@github.io,2568 Namekagon Alley,Boston,Massachusetts,02203,11/1/1946
864,Tiebout,Sabatier,tsabatiernz@cpanel.net,1429 Carioca Crossing,Milwaukee,Wisconsin,53234,
865,Anne-marie,Geldeford,ageldefordo0@freewebs.com,0 Canary Court,Sacramento,California,95865,4/12/1998
866,Herc,Palmar,hpalmaro1@51.la,8 Rigney Crossing,Baltimore,Maryland,21282,
867,Tobe,Carnihan,tcarnihano2@canalblog.com,118 Lotheville Place,Pasadena,Texas,77505,
868,Solomon,McGregor,smcgregoro3@nps.gov,44 Manufacturers Crossing,San Francisco,California,94137,
869,Lindsey,Zmitrichenko,,33472 Prairieview Court,Phoenix,Arizona,85062,6/25/1950
870,Sherwynd,Fretter,sfrettero5@craigslist.org,7391 Mccormick Place,Atlanta,Georgia,30316,
871,Lek,Grindle,lgrindleo6@walmart.com,2 Northland Parkway,Dallas,Texas,75277,7/5/1966
872,Edin,Bedo,,42 Clemons Trail,New Orleans,Louisiana,70183,
873,Fonsie,McVee,fmcveeo8@networkadvertising.org,560 Dexter Hill,Charlotte,North Carolina,28215,
874,Luciana,Darnbrough,,1 Merchant Pass,Washington,District of Columbia,20404,1/3/1968
875,Cher,Boyet,cboyetoa@t-online.de,6 Meadow Vale Avenue,San Jose,California,95113,
876,Joel,Iwanowicz,jiwanowiczob@stumbleupon.com,593 Autumn Leaf Road,Wichita,Kansas,67215,6/17/1975
877,Gregor,Castell,gcastelloc@guardian.co.uk,37638 Westerfield Court,Fort Worth,Texas,76110,6/13/1978
878,Minne,Caroline,mcarolineod@patch.com,57196 Roxbury Pass,Tampa,Florida,33615,4/29/1947
879,Arnuad,Barrett,abarrettoe@parallels.com,12 Golf Course Parkway,Richmond,Virginia,23208,
880,Sarge,Tolcher,stolcherof@tumblr.com,7065 Spenser Hill,Saint Paul,Minnesota,55103,
881,Mikael,Ravelus,mravelusog@npr.org,7 Judy Plaza,Springfield,Missouri,65898,2/28/1994
882,Johannes,Spence,jspenceoh@timesonline.co.uk,70837 Vernon Lane,New York City,New York,10184,2/15/1965
883,Bondie,Duffell,bduffelloi@princeton.edu,95 Starling Place,Omaha,Nebraska,68110,
884,Rip,Vizor,rvizoroj@sina.com.cn,7875 Stephen Junction,Salt Lake City,Utah,84170,
885,Doloritas,Vian,dvianok@ed.gov,42 American Ash Lane,Buffalo,New York,14220,
886,Sheppard,Shearsby,,22 Arrowood Center,Boston,Massachusetts,02283,11/16/1986
887,Melita,Guinan,mguinanom@bing.com,4394 Eggendart Alley,Hartford,Connecticut,06140,4/4/1973
888,Phaidra,Shackelton,pshackeltonon@smugmug.com,20941 Dexter Pass,Fort Lauderdale,Florida,33325,10/2/1947
889,Doralyn,Velez,,12349 Jana Plaza,Charlotte,North Carolina,28230,11/8/1960
890,Vanni,Hagger,vhaggerop@e-recht24.de,12 Shoshone Crossing,Omaha,Nebraska,68164,10/12/1999
891,Shanan,Boothroyd,sboothroydoq@discuz.net,4114 Anthes Way,El Paso,Texas,79928,
892,Lev,Ruddick,lruddickor@constantcontact.com,62 Sommers Circle,Washington,District of Columbia,20508,
893,Dev,Merrigans,,180 Dexter Junction,Bryan,Texas,77806,10/9/1965
894,Vin,Alejandro,,80810 Kenwood Plaza,Fort Lauderdale,Florida,33315,2/17/1993
895,Raddy,Doe,rdoeou@dmoz.org,5 Portage Street,Sioux Falls,South Dakota,57193,
896,Bettine,Jope,bjopeov@drupal.org,58 Lillian Street,Louisville,Kentucky,40250,
897,Garland,Falconbridge,gfalconbridgeow@un.org,6741 American Terrace,Atlanta,Georgia,30358,10/31/1957
898,Sauveur,Boich,sboichox@mayoclinic.com,2622 Texas Lane,Washington,District of Columbia,20551,10/11/1966
899,Lorette,Kenninghan,lkenninghanoy@webmd.com,6 Eggendart Center,Pasadena,California,91125,
900,Lane,Hallaways,lhallawaysoz@google.cn,8753 Sage Avenue,Portsmouth,New Hampshire,03804,
901,Nial,Crasford,ncrasfordp0@xrea.com,2 Lakeland Parkway,Modesto,California,95397,1/2/1976
902,Putnam,Lashbrook,plashbrookp1@nyu.edu,1 Fuller Court,Louisville,Kentucky,40225,
903,Jerrilee,Gallymore,,66 Mosinee Avenue,Bakersfield,California,93311,
904,Sam,Mion,smionp3@bandcamp.com,836 Express Lane,Burbank,California,91520,1/22/1992
905,Whitney,Nelthrop,wnelthropp4@illinois.edu,10 Northridge Drive,Salt Lake City,Utah,84140,5/12/1966
906,Phillip,Rein,preinp5@desdev.cn,202 Fuller Pass,Yonkers,New York,10705,4/29/1954
907,Johna,Jay,jjayp6@acquirethisname.com,7049 South Road,Tucson,Arizona,85725,5/30/1981
908,Rochester,Venning,rvenningp7@google.de,7 Rockefeller Circle,Oklahoma City,Oklahoma,73190,3/21/1990
909,Myles,Oxx,moxxp8@ihg.com,77230 Browning Street,Palm Bay,Florida,32909,6/4/1992
910,Carly,Tibbetts,ctibbettsp9@about.me,99 Service Road,New York City,New York,10280,
911,Lazare,Jackalin,,30 Manufacturers Center,Colorado Springs,Colorado,80940,
912,Catlaina,Earney,cearneypb@mozilla.com,006 Rieder Drive,Denver,Colorado,80249,3/24/1967
913,Delcine,Edgler,,58 Anderson Pass,San Antonio,Texas,78285,7/31/1943
914,Abraham,Opy,,364 Valley Edge Terrace,New York City,New York,10160,12/21/1958
915,Hercule,Round,,69 Esch Circle,Detroit,Michigan,48224,9/15/1960
916,Bernete,Janssen,bjanssenpf@loc.gov,70 Laurel Road,Chandler,Arizona,85246,4/26/1947
917,Melloney,Henzley,mhenzleypg@washington.edu,91 Hagan Center,Springfield,Missouri,65805,
918,Liesa,Rabidge,lrabidgeph@google.ca,0 Roth Place,Mountain View,California,94042,3/23/1991
919,Leon,Newlands,lnewlandspi@hibu.com,85 Acker Pass,San Diego,California,92191,8/7/1957
920,Sandy,Vynarde,svynardepj@posterous.com,72652 Bunting Drive,Winston Salem,North Carolina,27150,1/27/1974
921,Webb,Ybarra,wybarrapk@tripadvisor.com,4136 Mcbride Court,Mobile,Alabama,36689,
922,Jake,Eagleston,jeaglestonpl@myspace.com,60 Tomscot Parkway,Lynchburg,Virginia,24503,4/15/1941
923,Midge,Posner,mposnerpm@hc360.com,7735 Westend Point,Saint Louis,Missouri,63131,
924,Wainwright,Atwool,watwoolpn@hostgator.com,3463 Dennis Alley,Denver,Colorado,80255,
925,Lorrie,Laidel,llaidelpo@china.com.cn,6541 Dexter Plaza,Toledo,Ohio,43635,
926,Daveen,Fisbey,dfisbeypp@multiply.com,79 Rieder Way,Atlanta,Georgia,31106,3/1/1984
927,Addia,Paiton,apaitonpq@joomla.org,24036 Dawn Road,Clearwater,Florida,33758,2/2/1948
928,Jo,Lambrick,jlambrickpr@tinypic.com,36710 Grim Point,Boise,Idaho,83757,
929,Carmella,Borton,cbortonps@blogs.com,356 Fisk Terrace,Atlanta,Georgia,31132,4/23/1946
930,Freeman,Deboy,fdeboypt@a8.net,03 Rockefeller Park,Pittsburgh,Pennsylvania,15235,2/10/1945
931,Ajay,Taye,atayepu@hibu.com,40 Anzinger Hill,Warren,Ohio,44485,5/18/1950
932,Ardene,Flicker,,781 Sachtjen Hill,Washington,District of Columbia,20540,8/21/1940
933,Jana,McKeurtan,jmckeurtanpw@furl.net,7 Express Court,Spring,Texas,77386,9/27/1953
934,Tuck,Pleming,tplemingpx@yellowbook.com,39 8th Hill,Detroit,Michigan,48206,
935,Lilyan,Riche,lrichepy@delicious.com,4 Express Place,Indianapolis,Indiana,46278,
936,Roosevelt,Wogan,rwoganpz@umn.edu,2 Hoffman Junction,Philadelphia,Pennsylvania,19160,2/5/1973
937,Fair,Hayes,,68233 Summit Way,New York City,New York,10175,
938,Kathlin,Laxston,klaxstonq1@aboutads.info,383 Dunning Avenue,Gilbert,Arizona,85297,
939,Dorey,Grigorian,dgrigorianq2@shinystat.com,6 Charing Cross Road,Tucson,Arizona,85737,4/27/1992
940,Ashli,Kerrod,akerrodq3@de.vu,8 Fisk Street,Phoenix,Arizona,85020,1/20/1963
941,Georgie,Woodford,,89121 Knutson Terrace,Austin,Texas,78703,
942,Sherlocke,Balint,sbalintq5@live.com,7224 Pearson Circle,Mobile,Alabama,36641,5/27/1965
943,Tammara,Gynni,tgynniq6@vimeo.com,298 Pankratz Point,West Palm Beach,Florida,33416,
944,Amil,Del Monte,adelmonteq7@kickstarter.com,081 Comanche Point,Fort Lauderdale,Florida,33355,5/6/1945
945,Chaim,Stebbings,cstebbingsq8@cargocollective.com,4358 Crownhardt Park,Lafayette,Indiana,47905,4/5/1947
946,Dinny,Matoshin,dmatoshinq9@github.io,6422 Melody Center,San Diego,California,92196,5/3/1984
947,Hyacinthia,Tremathick,,10 Clove Road,New York City,New York,10175,1/29/1967
948,Turner,Spaughton,tspaughtonqb@delicious.com,4787 Old Gate Hill,Mobile,Alabama,36689,
949,Dionysus,Ishak,dishakqc@gov.uk,4854 Continental Circle,Jackson,Mississippi,39204,11/22/1991
950,Marinna,Greatreax,mgreatreaxqd@360.cn,24373 Evergreen Road,Fort Worth,Texas,76198,1/21/1947
951,Nickolai,Adamovitch,nadamovitchqe@google.es,2 Hansons Terrace,Worcester,Massachusetts,01610,7/23/1979
952,Jecho,Toland,jtolandqf@myspace.com,990 Judy Plaza,Trenton,New Jersey,08695,
953,Rad,Brignell,rbrignellqg@yelp.com,33666 Oriole Avenue,Sparks,Nevada,89436,
954,Jonis,Czaja,jczajaqh@cnbc.com,321 Leroy Hill,Naples,Florida,33961,7/5/1960
955,Danila,Geeves,,26386 Russell Parkway,Merrifield,Virginia,22119,
956,Norean,Capron,ncapronqj@answers.com,18307 High Crossing Avenue,Saginaw,Michigan,48609,
957,Florina,Melbert,fmelbertqk@dyndns.org,103 Bonner Terrace,Akron,Ohio,44305,4/2/1941
958,Freda,Osmant,fosmantql@feedburner.com,0723 Elmside Hill,Tucson,Arizona,85715,4/23/1999
959,Beverley,Tomasoni,btomasoniqm@icq.com,54 Kim Point,Rochester,New York,14614,6/15/1994
960,Clarence,Corbet,,39 Schmedeman Way,El Paso,Texas,88574,6/27/1960
961,Charo,Grimwood,cgrimwoodqo@twitpic.com,87 Pond Center,Appleton,Wisconsin,54915,10/21/1947
962,Wilhelmina,Fitzsymon,wfitzsymonqp@reuters.com,2 2nd Alley,Mesa,Arizona,85210,
963,Nert,Bradock,nbradockqq@admin.ch,7320 Maple Wood Crossing,North Las Vegas,Nevada,89036,9/23/1999
964,Morgan,Bein,mbeinqr@sohu.com,16 Petterle Plaza,Saint Louis,Missouri,63121,3/15/1990
965,Matthaeus,Cestard,,16652 Novick Plaza,New York City,New York,10203,
966,Rabi,Haresnaip,rharesnaipqt@elegantthemes.com,9746 Gale Hill,Fullerton,California,92835,12/13/1985
967,Kari,Seers,kseersqu@uol.com.br,576 Sherman Circle,Santa Rosa,California,95405,6/9/1940
968,Lian,Andover,landoverqv@nyu.edu,420 Schurz Parkway,Meridian,Mississippi,39305,
969,Junette,Cawthry,,9807 Stephen Place,Huntington,West Virginia,25709,12/5/1972
970,Alasteir,McIlhagga,amcilhaggaqx@flickr.com,1 Sutherland Alley,Portland,Oregon,97232,
971,Fey,Burnhill,fburnhillqy@time.com,71 Vahlen Parkway,Roanoke,Virginia,24014,4/13/1946
972,Clarabelle,Peron,cperonqz@gov.uk,2975 Leroy Place,Tacoma,Washington,98481,
973,Querida,Woan,qwoanr0@utexas.edu,30383 Hooker Point,Pasadena,California,91186,10/22/1967
974,Rozamond,MacCrann,rmaccrannr1@ebay.com,01303 Golf Court,Fort Myers,Florida,33906,1/10/1991
975,Margarethe,Bercevelo,mbercevelor2@dagondesign.com,6 Sheridan Lane,Peoria,Illinois,61605,8/11/1955
976,Stefano,Levee,sleveer3@huffingtonpost.com,7 Arkansas Point,Frankfort,Kentucky,40618,6/27/1948
977,Regine,Glanester,rglanesterr4@elpais.com,59 Becker Plaza,Buffalo,New York,14276,
978,Delila,Huzzey,dhuzzeyr5@surveymonkey.com,292 Kennedy Drive,Albuquerque,New Mexico,87121,6/1/1964
979,Nikolai,Wolseley,,11 Almo Alley,Clearwater,Florida,34620,
980,Gale,Liveley,gliveleyr7@yellowpages.com,9958 Delaware Street,Port Washington,New York,11054,11/19/1997
981,Findley,Oakwell,foakwellr8@exblog.jp,90090 Larry Circle,Newark,New Jersey,07112,3/8/1986
982,Cordy,Fyfield,cfyfieldr9@pcworld.com,266 Derek Point,Philadelphia,Pennsylvania,19160,
983,Sapphire,Aspall,saspallra@cornell.edu,29475 Washington Street,Oklahoma City,Oklahoma,73190,
984,Barri,Belle,bbellerb@nbcnews.com,727 Grayhawk Court,Monroe,Louisiana,71208,11/7/1944
985,Susannah,Hoodless,shoodlessrc@about.me,6358 Warner Street,Miami,Florida,33233,10/2/1954
986,Tiphanie,Fuentez,tfuentezrd@gmpg.org,1943 Raven Place,Jackson,Mississippi,39204,
987,Bernie,Joontjes,bjoontjesre@miibeian.gov.cn,60 Larry Point,Dayton,Ohio,45440,
988,Giulia,Viner,gvinerrf@google.co.uk,23012 Kensington Trail,Austin,Texas,78726,9/2/1999
989,Trixi,Pourvoieur,,3954 Stang Lane,Roanoke,Virginia,24034,10/20/1990
990,Tully,Grelak,tgrelakrh@census.gov,0045 Transport Avenue,North Little Rock,Arkansas,72118,
991,Keri,Sholl,kshollri@epa.gov,846 Pawling Junction,Pocatello,Idaho,83206,
992,Hurlee,Arrighetti,harrighettirj@artisteer.com,711 Anhalt Trail,Dallas,Texas,75379,
993,Winonah,Archibold,warchiboldrk@telegraph.co.uk,52 Derek Junction,Brooklyn,New York,11220,8/5/1973
994,Arny,Shalloo,ashalloorl@yandex.ru,40882 Toban Place,Detroit,Michigan,48258,7/20/1941
995,Jere,Tobin,jtobinrm@tinypic.com,713 Sauthoff Point,New York City,New York,10292,8/27/1955
996,Karita,Ettels,kettelsrn@abc.net.au,12 Hayes Drive,Marietta,Georgia,30066,8/27/1998
997,Lucius,Cadwell,lcadwellro@furl.net,13022 Utah Place,Huntsville,Texas,77343,10/16/1943
998,Ives,Orht,iorhtrp@1und1.de,173 Norway Maple Circle,Lafayette,Louisiana,70593,7/31/1979
999,Lesya,Muat,lmuatrq@nbcnews.com,20446 Memorial Place,Orange,California,92862,
1000,Leisha,Pillington,lpillingtonrr@illinois.edu,63 Manitowish Pass,Bronx,New York,10459,4/13/1955
